month_date,precipitation_mm,pet_mm,temperature_mean_c,temperature_min_c,temperature_max_c,dewpoint_c,soil_moisture_layer1,soil_moisture_layer2,runoff_mm,surface_runoff_mm,solar_radiation,wind_speed,surface_pressure_kpa,month,season,precipitation_mm_lag1,precipitation_mm_lag2,precipitation_mm_lag3,pet_mm_lag1,pet_mm_lag2,pet_mm_lag3,temperature_mean_c_lag1,temperature_mean_c_lag2,temperature_mean_c_lag3,temperature_min_c_lag1,temperature_min_c_lag2,temperature_min_c_lag3,temperature_max_c_lag1,temperature_max_c_lag2,temperature_max_c_lag3,dewpoint_c_lag1,dewpoint_c_lag2,dewpoint_c_lag3,soil_moisture_layer1_lag1,soil_moisture_layer1_lag2,soil_moisture_layer1_lag3,soil_moisture_layer2_lag1,soil_moisture_layer2_lag2,soil_moisture_layer2_lag3,runoff_mm_lag1,runoff_mm_lag2,runoff_mm_lag3,surface_runoff_mm_lag1,surface_runoff_mm_lag2,surface_runoff_mm_lag3,solar_radiation_lag1,solar_radiation_lag2,solar_radiation_lag3,wind_speed_lag1,wind_speed_lag2,wind_speed_lag3,surface_pressure_kpa_lag1,surface_pressure_kpa_lag2,surface_pressure_kpa_lag3,precipitation_3month,precipitation_6month,pet_3month,pet_6month,calendar_month,month_sin,month_cos,water_stress_index
2015-07-01,10.0376677854624,149.18882940435236,17.58971649449201,11.53868902874336,24.222812532553977,9.46137757368522,0.1454129130021879,0.143184850519569,9.544774728561564e-05,8.745077284664884e-05,12817486.457202747,1.588153743521568,97.70780099717716,7,Winter,6.331617639298781,6.401154135940984,25.722273932422404,144.2298335611605,156.06364594362273,158.9387828746427,17.20312977097286,20.217187954088324,21.50662996351026,10.687879418695594,14.224896129351835,17.276988113715472,24.231674726832797,26.989467100110332,26.59386735863348,7.4987244141230995,13.045340652365136,15.441193462498829,0.1083273305789657,0.1552950112485842,0.1934018906655676,0.147610157730586,0.184315335060618,0.1754275326168398,1.810474946610764e-05,5.535189640651111e-05,0.0010428878912426,9.95631575154053e-06,4.630000582670907e-05,0.0010336093631462,13005960.814440431,14432509.314312331,13793415.81371841,1.25198261209543,1.21514834841222,1.3196085699734994,97.70816808654077,97.51069546047609,97.35210710636264,22.770439560702137,268.59024584050945,449.4823089091356,1044.5940004466672,7,-0.4999999999999997,-0.8660254037844388,-0.8614569742902554
2015-08-01,8.076373578171939,180.06679092933985,19.318216941925016,13.02900653366884,26.64430367103399,10.539141485216383,0.1306317122353422,0.1467809881845073,3.811738551308532e-05,3.068587517480127e-05,15745558.410387795,1.4642807256424677,97.7006779427015,8,Winter,10.0376677854624,6.331617639298781,6.401154135940984,149.18882940435236,144.2298335611605,156.06364594362273,17.58971649449201,17.20312977097286,20.217187954088324,11.53868902874336,10.687879418695594,14.224896129351835,24.222812532553977,24.231674726832797,26.989467100110332,9.46137757368522,7.4987244141230995,13.045340652365136,0.1454129130021879,0.1083273305789657,0.1552950112485842,0.143184850519569,0.147610157730586,0.184315335060618,9.544774728561564e-05,1.810474946610764e-05,5.535189640651111e-05,8.745077284664884e-05,9.95631575154053e-06,4.630000582670907e-05,12817486.457202747,13005960.814440431,14432509.314312331,1.588153743521568,1.25198261209543,1.21514834841222,97.70780099717716,97.70816808654077,97.51069546047609,24.44565900293309,123.23674253970516,473.4854538948527,1019.4641593507481,8,-0.8660254037844385,-0.5000000000000004,-0.4815719513350558
2015-09-01,33.99371817805512,196.08326156754785,20.40708440221366,15.02495892062228,26.214179493230464,12.736938262569153,0.1750796838692283,0.1687819415481511,0.0001768471424329,0.0001702419472084,15830420.96520758,1.947786292539485,97.56402603755356,9,Spring,8.076373578171939,10.0376677854624,6.331617639298781,180.06679092933985,149.18882940435236,144.2298335611605,19.318216941925016,17.58971649449201,17.20312977097286,13.02900653366884,11.53868902874336,10.687879418695594,26.64430367103399,24.222812532553977,24.231674726832797,10.539141485216383,9.46137757368522,7.4987244141230995,0.1306317122353422,0.1454129130021879,0.1083273305789657,0.1467809881845073,0.143184850519569,0.147610157730586,3.811738551308532e-05,9.544774728561564e-05,1.810474946610764e-05,3.068587517480127e-05,8.745077284664884e-05,9.95631575154053e-06,15745558.410387795,12817486.457202747,13005960.814440431,1.4642807256424677,1.588153743521568,1.25198261209543,97.7006779427015,97.70780099717716,97.70816808654077,52.10775954168943,90.5628052493516,525.33888190124,984.571144280666,9,-1.0,-1.8369701987210297e-16,0.8666739924650786
2015-10-01,33.239155820573366,275.26690926577635,23.77709670187704,17.979152004108226,30.534351406539432,14.397164243744983,0.1338364386529841,0.1418672014266584,9.55527547464474e-05,8.947797630668117e-05,20787962.877723955,2.03639651548898,97.38402581504928,10,Spring,33.99371817805512,8.076373578171939,10.0376677854624,196.08326156754785,180.06679092933985,149.18882940435236,20.40708440221366,19.318216941925016,17.58971649449201,15.02495892062228,13.02900653366884,11.53868902874336,26.214179493230464,26.64430367103399,24.222812532553977,12.736938262569153,10.539141485216383,9.46137757368522,0.1750796838692283,0.1306317122353422,0.1454129130021879,0.1687819415481511,0.1467809881845073,0.143184850519569,0.0001768471424329,3.811738551308532e-05,9.544774728561564e-05,0.0001702419472084,3.068587517480127e-05,8.745077284664884e-05,15830420.96520758,15745558.410387795,12817486.457202747,1.947786292539485,1.4642807256424677,1.588153743521568,97.56402603755356,97.7006779427015,97.70780099717716,75.3092475768004,98.07968713750256,651.416961762664,1100.8992706717995,10,-0.8660254037844386,0.5000000000000001,-1.0671176183937827
2015-11-01,45.71252846064345,295.8641207444108,23.749878034427187,17.67324845994567,30.28513227295216,13.452039246649049,0.1599383105152924,0.147489968447909,0.0001552928548427,0.0001502362506914,22025298.469795424,2.2200740696232564,97.0954646772682,11,Spring,33.239155820573366,33.99371817805512,8.076373578171939,275.26690926577635,196.08326156754785,180.06679092933985,23.77709670187704,20.40708440221366,19.318216941925016,17.979152004108226,15.02495892062228,13.02900653366884,30.534351406539432,26.214179493230464,26.64430367103399,14.397164243744983,12.736938262569153,10.539141485216383,0.1338364386529841,0.1750796838692283,0.1306317122353422,0.1418672014266584,0.1687819415481511,0.1467809881845073,9.55527547464474e-05,0.0001768471424329,3.811738551308532e-05,8.947797630668117e-05,0.0001702419472084,3.068587517480127e-05,20787962.877723955,15830420.96520758,15745558.410387795,2.03639651548898,1.947786292539485,1.4642807256424677,97.38402581504928,97.56402603755356,97.7006779427015,112.9454024592719,137.39106146220502,767.2142915777349,1240.6997454725877,11,-0.5000000000000004,0.8660254037844384,-1.6209688131215665
2015-12-01,81.9531982450966,271.3346306221149,25.96451454565376,20.982113884863317,32.26972855376575,18.204547019349302,0.1785794451325479,0.1710225686463901,0.0009161262951172,0.0009115011253081,20775213.592640035,1.7685281211750543,97.05100578264806,12,Summer,45.71252846064345,33.239155820573366,33.99371817805512,295.8641207444108,275.26690926577635,196.08326156754785,23.749878034427187,23.77709670187704,20.40708440221366,17.67324845994567,17.979152004108226,15.02495892062228,30.28513227295216,30.534351406539432,26.214179493230464,13.452039246649049,14.397164243744983,12.736938262569153,0.1599383105152924,0.1338364386529841,0.1750796838692283,0.147489968447909,0.1418672014266584,0.1687819415481511,0.0001552928548427,9.55527547464474e-05,0.0001768471424329,0.0001502362506914,8.947797630668117e-05,0.0001702419472084,22025298.469795424,20787962.877723955,15830420.96520758,2.2200740696232564,2.03639651548898,1.947786292539485,97.0954646772682,97.38402581504928,97.56402603755356,160.90488252631337,213.01264206800283,842.4656606323019,1367.804542533542,12,-2.4492935982947064e-16,1.0,-1.9030047524439784
2016-01-01,63.33809819567215,253.0334351671732,25.150363786240643,20.774573994937843,30.859244485910413,17.32682599146578,0.1539811420540627,0.1449868626570665,0.0001405381769049,0.0001365636552714,20511641.994643062,1.7379918972317985,97.17239061935162,1,Summer,81.9531982450966,45.71252846064345,33.239155820573366,271.3346306221149,295.8641207444108,275.26690926577635,25.96451454565376,23.749878034427187,23.77709670187704,20.982113884863317,17.67324845994567,17.979152004108226,32.26972855376575,30.28513227295216,30.534351406539432,18.204547019349302,13.452039246649049,14.397164243744983,0.1785794451325479,0.1599383105152924,0.1338364386529841,0.1710225686463901,0.147489968447909,0.1418672014266584,0.0009161262951172,0.0001552928548427,9.55527547464474e-05,0.0009115011253081,0.0001502362506914,8.947797630668117e-05,20775213.592640035,22025298.469795424,20787962.877723955,1.7685281211750543,2.2200740696232564,2.03639651548898,97.05100578264806,97.0954646772682,97.38402581504928,191.00382490141217,266.3130724782126,820.2321865336988,1471.649148296363,1,0.49999999999999994,0.8660254037844387,-1.9886836698603452
2016-02-01,104.3204519626422,236.2144063579907,25.686202509072107,20.94148951667814,31.474311225137956,17.950296182520454,0.1575966155194133,0.1411195696673999,0.0001467267851536,0.0001435612836039,19298763.865305614,1.8325395848007189,96.99337517236437,2,Summer,63.33809819567215,81.9531982450966,45.71252846064345,253.0334351671732,271.3346306221149,295.8641207444108,25.150363786240643,25.96451454565376,23.749878034427187,20.774573994937843,20.982113884863317,17.67324845994567,30.859244485910413,32.26972855376575,30.28513227295216,17.32682599146578,18.204547019349302,13.452039246649049,0.1539811420540627,0.1785794451325479,0.1599383105152924,0.1449868626570665,0.1710225686463901,0.147489968447909,0.0001405381769049,0.0009161262951172,0.0001552928548427,0.0001365636552714,0.0009115011253081,0.0001502362506914,20511641.994643062,20775213.592640035,22025298.469795424,1.7379918972317985,1.7685281211750543,2.2200740696232564,97.17239061935162,97.05100578264806,97.0954646772682,249.61174840341093,362.5571508626829,760.5824721472787,1527.7967637250138,2,0.8660254037844386,0.5000000000000001,-1.6291946265948756
2016-03-01,73.77374251051144,197.20208513069667,24.31396054814708,19.607181450361924,29.822304316967493,18.762743216174343,0.255712395725744,0.2534492462023153,0.0012646698887166,0.0012616001688184,18258771.44478322,1.670240869494923,97.0871304156363,3,Autumn,104.3204519626422,63.33809819567215,81.9531982450966,236.2144063579907,253.0334351671732,271.3346306221149,25.686202509072107,25.150363786240643,25.96451454565376,20.94148951667814,20.774573994937843,20.982113884863317,31.474311225137956,30.859244485910413,32.26972855376575,17.950296182520454,17.32682599146578,18.204547019349302,0.1575966155194133,0.1539811420540627,0.1785794451325479,0.1411195696673999,0.1449868626570665,0.1710225686463901,0.0001467267851536,0.0001405381769049,0.0009161262951172,0.0001435612836039,0.0001365636552714,0.0009115011253081,19298763.865305614,20511641.994643062,20775213.592640035,1.8325395848007189,1.7379918972317985,1.7685281211750543,96.99337517236437,97.17239061935162,97.05100578264806,241.43229266882577,402.3371751951392,686.4499266558605,1528.9155872881624,3,1.0,6.123233995736766e-17,-1.3553974928148083
2016-04-01,10.594631520970326,197.4126772437285,22.97656123011743,17.887523921961968,29.056807944691435,15.33538582653011,0.1367655484398062,0.1723345297864293,5.609222052329714e-05,5.334965373634861e-05,15792830.16847172,1.6957231125047445,97.43448135388462,4,Autumn,73.77374251051144,104.3204519626422,63.33809819567215,197.20208513069667,236.2144063579907,253.0334351671732,24.31396054814708,25.686202509072107,25.150363786240643,19.607181450361924,20.94148951667814,20.774573994937843,29.822304316967493,31.474311225137956,30.859244485910413,18.762743216174343,17.950296182520454,17.32682599146578,0.255712395725744,0.1575966155194133,0.1539811420540627,0.2534492462023153,0.1411195696673999,0.1449868626570665,0.0012646698887166,0.0001467267851536,0.0001405381769049,0.0012616001688184,0.0001435612836039,0.0001365636552714,18258771.44478322,19298763.865305614,20511641.994643062,1.670240869494923,1.8325395848007189,1.7379918972317985,97.0871304156363,96.99337517236437,97.17239061935162,188.68882599412396,379.69265089553613,630.8291687324158,1451.0613552661148,4,0.8660254037844387,-0.4999999999999998,-1.4573259891306154
2016-05-01,88.75732069475055,139.77287370805706,18.66860060651297,13.441045878521289,24.430574025871245,12.241064295019642,0.1677710531402145,0.16052929373392,0.0001215673310662,0.0001188082492738,12939234.557121228,1.2797515939044648,97.9101088907939,5,Autumn,10.594631520970326,73.77374251051144,104.3204519626422,197.4126772437285,197.20208513069667,236.2144063579907,22.97656123011743,24.31396054814708,25.686202509072107,17.887523921961968,19.607181450361924,20.94148951667814,29.056807944691435,29.822304316967493,31.474311225137956,15.33538582653011,18.762743216174343,17.950296182520454,0.1367655484398062,0.255712395725744,0.1575966155194133,0.1723345297864293,0.2534492462023153,0.1411195696673999,5.609222052329714e-05,0.0012646698887166,0.0001467267851536,5.334965373634861e-05,0.0012616001688184,0.0001435612836039,15792830.16847172,18258771.44478322,19298763.865305614,1.6957231125047445,1.670240869494923,1.8325395848007189,97.43448135388462,97.0871304156363,96.99337517236437,173.12569472623227,422.7374431296432,534.3876360824822,1294.970108229761,5,0.49999999999999994,-0.8660254037844387,-0.276478353597149
2016-06-01,7.414329157162303,141.0251487624774,17.523804238002278,11.295495750528234,24.313593906443906,8.899007065899633,0.1203736038605849,0.1475402543595455,1.8014427987246735e-05,1.5517864847011084e-05,11776579.122503009,1.6691118107678693,97.958617191143,6,Winter,88.75732069475055,10.594631520970326,73.77374251051144,139.77287370805706,197.4126772437285,197.20208513069667,18.66860060651297,22.97656123011743,24.31396054814708,13.441045878521289,17.887523921961968,19.607181450361924,24.430574025871245,29.056807944691435,29.822304316967493,12.241064295019642,15.33538582653011,18.762743216174343,0.1677710531402145,0.1367655484398062,0.255712395725744,0.16052929373392,0.1723345297864293,0.2534492462023153,0.0001215673310662,5.609222052329714e-05,0.0012646698887166,0.0001188082492738,5.334965373634861e-05,0.0012616001688184,12939234.557121228,15792830.16847172,18258771.44478322,1.2797515939044648,1.6957231125047445,1.670240869494923,97.9101088907939,97.43448135388462,97.0871304156363,106.76628137288314,348.1985740417089,478.2106997142629,1164.6606263701235,6,1.2246467991473532e-16,-1.0,-0.2594173160630478
2016-07-01,15.19202379227528,147.82689024932978,16.501599639478542,10.617465374863189,22.98878257274351,7.322971313178629,0.1455326126227166,0.1554004120848007,0.0013370641947653,0.0013345137830244,12540279.00593921,1.547869514442963,97.89035746207703,7,Winter,7.414329157162303,88.75732069475055,10.594631520970326,141.0251487624774,139.77287370805706,197.4126772437285,17.523804238002278,18.66860060651297,22.97656123011743,11.295495750528234,13.441045878521289,17.887523921961968,24.313593906443906,24.430574025871245,29.056807944691435,8.899007065899633,12.241064295019642,15.33538582653011,0.1203736038605849,0.1677710531402145,0.1367655484398062,0.1475402543595455,0.16052929373392,0.1723345297864293,1.8014427987246735e-05,0.0001215673310662,5.609222052329714e-05,1.5517864847011084e-05,0.0001188082492738,5.334965373634861e-05,11776579.122503009,12939234.557121228,15792830.16847172,1.6691118107678693,1.2797515939044648,1.6957231125047445,97.958617191143,97.9101088907939,97.43448135388462,111.3636736441881,300.05249963831204,428.6249127198642,1059.4540814522802,7,-0.4999999999999997,-0.8660254037844388,1.1557023097911225
2016-08-01,6.531979238955349,194.8302429882197,18.165697579913047,10.964146023700666,26.09736763410078,7.79999798784012,0.1454742475768561,0.1874969185224661,2.1118549663667643e-05,1.8668868696646567e-05,17351738.740188655,1.4951390818324286,97.85604319527262,8,Winter,15.19202379227528,7.414329157162303,88.75732069475055,147.82689024932978,141.0251487624774,139.77287370805706,16.501599639478542,17.523804238002278,18.66860060651297,10.617465374863189,11.295495750528234,13.441045878521289,22.98878257274351,24.313593906443906,24.430574025871245,7.322971313178629,8.899007065899633,12.241064295019642,0.1455326126227166,0.1203736038605849,0.1677710531402145,0.1554004120848007,0.1475402543595455,0.16052929373392,0.0013370641947653,1.8014427987246735e-05,0.0001215673310662,0.0013345137830244,1.5517864847011084e-05,0.0001188082492738,12540279.00593921,11776579.122503009,12939234.557121228,1.547869514442963,1.6691118107678693,1.2797515939044648,97.89035746207703,97.958617191143,97.9101088907939,29.138332188392905,202.26402691462522,483.6822820000268,1018.069918082509,8,-0.8660254037844385,-0.5000000000000004,-0.6540695683312341
2016-09-01,28.712592562566705,223.8875972073431,21.55733359138315,15.506601473628104,27.989227533627357,12.125509980573172,0.1534788687163167,0.1488927895507322,0.0001505002218033,0.0001483611789421,16308826.492396208,2.2192489731920184,97.46958381141025,9,Spring,6.531979238955349,15.19202379227528,7.414329157162303,194.8302429882197,147.82689024932978,141.0251487624774,18.165697579913047,16.501599639478542,17.523804238002278,10.964146023700666,10.617465374863189,11.295495750528234,26.09736763410078,22.98878257274351,24.313593906443906,7.79999798784012,7.322971313178629,8.899007065899633,0.1454742475768561,0.1455326126227166,0.1203736038605849,0.1874969185224661,0.1554004120848007,0.1475402543595455,2.1118549663667643e-05,0.0013370641947653,1.8014427987246735e-05,1.8668868696646567e-05,0.0013345137830244,1.5517864847011084e-05,17351738.740188655,12540279.00593921,11776579.122503009,1.4951390818324286,1.547869514442963,1.6691118107678693,97.85604319527262,97.89035746207703,97.958617191143,50.43659559379731,157.20287696668046,566.5447304448926,1044.7554301591556,9,-1.0,-1.8369701987210297e-16,-0.8273499128196731
2016-10-01,61.035571409894985,232.18885370755453,21.71786079110578,16.425231738483117,27.93171097891037,13.99651560780612,0.1807433240490759,0.1708847146741138,0.0001663950268542,0.0001642863242634,18033351.108258724,2.0060369587284472,97.24499577389648,10,Spring,28.712592562566705,6.531979238955349,15.19202379227528,223.8875972073431,194.8302429882197,147.82689024932978,21.55733359138315,18.165697579913047,16.501599639478542,15.506601473628104,10.964146023700666,10.617465374863189,27.989227533627357,26.09736763410078,22.98878257274351,12.125509980573172,7.79999798784012,7.322971313178629,0.1534788687163167,0.1454742475768561,0.1455326126227166,0.1488927895507322,0.1874969185224661,0.1554004120848007,0.0001505002218033,2.1118549663667643e-05,0.0013370641947653,0.0001483611789421,1.8668868696646567e-05,0.0013345137830244,16308826.492396208,17351738.740188655,12540279.00593921,2.2192489731920184,1.4951390818324286,1.547869514442963,97.46958381141025,97.85604319527262,97.89035746207703,96.28014321141701,207.6438168556051,650.9066939031172,1079.5316066229816,10,-0.8660254037844386,0.5000000000000001,-0.518588144456881
2016-11-01,219.28895033112047,189.0928168320484,22.699322286591308,18.428415085922225,27.533810580881354,17.156610587434134,0.2319313742480409,0.1895578467793316,0.0003378601603559,0.0003359270440111,15275405.585078215,1.842111636978633,97.217936510589,11,Spring,61.035571409894985,28.712592562566705,6.531979238955349,232.18885370755453,223.8875972073431,194.8302429882197,21.71786079110578,21.55733359138315,18.165697579913047,16.425231738483117,15.506601473628104,10.964146023700666,27.93171097891037,27.989227533627357,26.09736763410078,13.99651560780612,12.125509980573172,7.79999798784012,0.1807433240490759,0.1534788687163167,0.1454742475768561,0.1708847146741138,0.1488927895507322,0.1874969185224661,0.0001663950268542,0.0001505002218033,2.1118549663667643e-05,0.0001642863242634,0.0001483611789421,1.8668868696646567e-05,18033351.108258724,16308826.492396208,17351738.740188655,2.0060369587284472,2.2192489731920184,1.4951390818324286,97.24499577389648,97.46958381141025,97.85604319527262,309.03711430358214,338.17544649197504,645.1692677469459,1128.851549746973,11,-0.5000000000000004,0.8660254037844384,1.4851533536297148
2016-12-01,135.2071012976315,246.61898532283865,24.811295971297167,20.06312193949952,30.347946050067964,17.918514451454556,0.1930642030072606,0.1719201391775467,0.0004152671201994,0.0004134304041466,19549505.17992314,1.7601181687590308,97.0299618759644,12,Summer,219.28895033112047,61.035571409894985,28.712592562566705,189.0928168320484,232.18885370755453,223.8875972073431,22.699322286591308,21.71786079110578,21.55733359138315,18.428415085922225,16.425231738483117,15.506601473628104,27.533810580881354,27.93171097891037,27.989227533627357,17.156610587434134,13.99651560780612,12.125509980573172,0.2319313742480409,0.1807433240490759,0.1534788687163167,0.1895578467793316,0.1708847146741138,0.1488927895507322,0.0003378601603559,0.0001663950268542,0.0001505002218033,0.0003359270440111,0.0001642863242634,0.0001483611789421,15275405.585078215,18033351.108258724,16308826.492396208,1.842111636978633,2.0060369587284472,2.2192489731920184,97.217936510589,97.24499577389648,97.46958381141025,415.5316230386469,465.9682186324443,667.9006558624416,1234.4453863073343,12,-2.4492935982947064e-16,1.0,1.0775346994319288
2017-01-01,151.35041522768935,222.8637809734052,23.59138361663303,19.46605615683592,28.138930181936654,18.88780615482913,0.3122019122316111,0.3065292742963042,0.0151701839069163,0.0151684364364462,20636852.105042502,2.045730306335784,96.95311486467172,1,Summer,135.2071012976315,219.28895033112047,61.035571409894985,246.61898532283865,189.0928168320484,232.18885370755453,24.811295971297167,22.699322286591308,21.71786079110578,20.06312193949952,18.428415085922225,16.425231738483117,30.347946050067964,27.533810580881354,27.93171097891037,17.918514451454556,17.156610587434134,13.99651560780612,0.1930642030072606,0.2319313742480409,0.1807433240490759,0.1719201391775467,0.1895578467793316,0.1708847146741138,0.0004152671201994,0.0003378601603559,0.0001663950268542,0.0004134304041466,0.0003359270440111,0.0001642863242634,19549505.17992314,15275405.585078215,18033351.108258724,1.7601181687590308,1.842111636978633,2.0060369587284472,97.0299618759644,97.217936510589,97.24499577389648,505.84646685644134,602.1266100678583,658.5755831282922,1309.4822770314095,1,0.49999999999999994,0.8660254037844387,1.6472660003863995
2017-02-01,113.6105862574489,182.25683871697,24.05059271942448,20.512469127117942,28.38651572823095,19.689545205591557,0.2964442860369053,0.3023292141639429,0.0034667819415617,0.0034652182072507,19039189.92444559,1.7659690524481249,97.06524921320572,2,Summer,151.35041522768935,135.2071012976315,219.28895033112047,222.8637809734052,246.61898532283865,189.0928168320484,23.59138361663303,24.811295971297167,22.699322286591308,19.46605615683592,20.06312193949952,18.428415085922225,28.138930181936654,30.347946050067964,27.533810580881354,18.88780615482913,17.918514451454556,17.156610587434134,0.3122019122316111,0.1930642030072606,0.2319313742480409,0.3065292742963042,0.1719201391775467,0.1895578467793316,0.0151701839069163,0.0004152671201994,0.0003378601603559,0.0151684364364462,0.0004134304041466,0.0003359270440111,20636852.105042502,19549505.17992314,15275405.585078215,2.045730306335784,1.7601181687590308,1.842111636978633,96.95311486467172,97.0299618759644,97.217936510589,400.1681027827697,709.2052170863518,651.7396050132138,1296.90887276016,2,0.8660254037844386,0.5000000000000001,-0.10068594079881812
2017-03-01,69.40006532340217,205.2712182275655,23.188804865377644,18.789522574080344,28.47606784335889,18.144618840534303,0.270533247887313,0.2820452747172456,0.002702531939379,0.002700555410626,19534030.578031827,1.6461293611038956,97.28242168612056,3,Autumn,113.6105862574489,151.35041522768935,135.2071012976315,182.25683871697,222.8637809734052,246.61898532283865,24.05059271942448,23.59138361663303,24.811295971297167,20.512469127117942,19.46605615683592,20.06312193949952,28.38651572823095,28.138930181936654,30.347946050067964,19.689545205591557,18.88780615482913,17.918514451454556,0.2964442860369053,0.3122019122316111,0.1930642030072606,0.3023292141639429,0.3065292742963042,0.1719201391775467,0.0034667819415617,0.0151701839069163,0.0004152671201994,0.0034652182072507,0.0151684364364462,0.0004134304041466,19039189.92444559,20636852.105042502,19549505.17992314,1.7659690524481249,2.045730306335784,1.7601181687590308,97.06524921320572,96.95311486467172,97.0299618759644,334.3610668085404,749.8926898471874,610.3918379179406,1278.2924937803823,3,1.0,6.123233995736766e-17,-0.3037983028456088
2017-04-01,38.65722410917072,155.92521649620593,21.345060868842783,16.811214380000322,26.38680898801801,15.804885739243463,0.1962035295048058,0.2108761028836062,0.0004168064316687,0.0004145329555879,15268343.788688326,1.2513134497443954,97.5727064340505,4,Autumn,69.40006532340217,113.6105862574489,151.35041522768935,205.2712182275655,182.25683871697,222.8637809734052,23.188804865377644,24.05059271942448,23.59138361663303,18.789522574080344,20.512469127117942,19.46605615683592,28.47606784335889,28.38651572823095,28.138930181936654,18.144618840534303,19.689545205591557,18.88780615482913,0.270533247887313,0.2964442860369053,0.3122019122316111,0.2820452747172456,0.3023292141639429,0.3065292742963042,0.002702531939379,0.0034667819415617,0.0151701839069163,0.002700555410626,0.0034652182072507,0.0151684364364462,19534030.578031827,19039189.92444559,20636852.105042502,1.6461293611038956,1.7659690524481249,2.045730306335784,97.28242168612056,97.06524921320572,96.95311486467172,221.66787569002176,727.5143425464631,543.4532734407413,1202.0288565690337,4,0.8660254037844387,-0.4999999999999998,-0.6437467056840144
2017-05-01,12.66131356203061,146.96191541769875,19.00701536700794,13.518211076344857,25.459870385551696,12.483798817069324,0.17713775263084,0.1814955075396767,0.000125278957484,0.000122910533571,13922457.386048676,1.4593437245001852,97.63445167334842,5,Autumn,38.65722410917072,69.40006532340217,113.6105862574489,155.92521649620593,205.2712182275655,182.25683871697,21.345060868842783,23.188804865377644,24.05059271942448,16.811214380000322,18.789522574080344,20.512469127117942,26.38680898801801,28.47606784335889,28.38651572823095,15.804885739243463,18.144618840534303,19.689545205591557,0.1962035295048058,0.270533247887313,0.2964442860369053,0.2108761028836062,0.2820452747172456,0.3023292141639429,0.0004168064316687,0.002702531939379,0.0034667819415617,0.0004145329555879,0.002700555410626,0.0034652182072507,15268343.788688326,19534030.578031827,19039189.92444559,1.2513134497443954,1.6461293611038956,1.7659690524481249,97.5727064340505,97.28242168612056,97.06524921320572,120.71860299460347,520.8867057773732,508.1583501414701,1159.897955154684,5,0.49999999999999994,-0.8660254037844387,-0.5325223429170274
2017-06-01,6.203976716750708,141.00713403861874,17.547819058999355,11.330419730910602,24.333771712283667,9.441007993922293,0.1191496925185685,0.1571655187748351,9.63163720141249e-06,7.267705154763231e-06,12191924.29843562,1.4761551165507187,97.74068026417328,6,Winter,12.66131356203061,38.65722410917072,69.40006532340217,146.96191541769875,155.92521649620593,205.2712182275655,19.00701536700794,21.345060868842783,23.188804865377644,13.518211076344857,16.811214380000322,18.789522574080344,25.459870385551696,26.38680898801801,28.47606784335889,12.483798817069324,15.804885739243463,18.144618840534303,0.17713775263084,0.1962035295048058,0.270533247887313,0.1814955075396767,0.2108761028836062,0.2820452747172456,0.000125278957484,0.0004168064316687,0.002702531939379,0.000122910533571,0.0004145329555879,0.002700555410626,13922457.386048676,15268343.788688326,19534030.578031827,1.4593437245001852,1.2513134497443954,1.6461293611038956,97.63445167334842,97.5727064340505,97.28242168612056,57.52251438795201,391.8835811964924,443.89426595252337,1054.286103870464,6,1.2246467991473532e-16,-1.0,-0.5387965596817994
2017-07-01,6.583407646148845,150.37993583760968,17.725597593479932,11.497958537148728,24.56361246683189,9.881523308154792,0.1130151985955947,0.1455222771342767,1.870020417099825e-05,1.6321559244975285e-05,13161714.298590893,1.310382247423759,97.87424411746284,7,Winter,6.203976716750708,12.66131356203061,38.65722410917072,141.00713403861874,146.96191541769875,155.92521649620593,17.547819058999355,19.00701536700794,21.345060868842783,11.330419730910602,13.518211076344857,16.811214380000322,24.333771712283667,25.459870385551696,26.38680898801801,9.441007993922293,12.483798817069324,15.804885739243463,0.1191496925185685,0.17713775263084,0.1962035295048058,0.1571655187748351,0.1814955075396767,0.2108761028836062,9.63163720141249e-06,0.000125278957484,0.0004168064316687,7.267705154763231e-06,0.000122910533571,0.0004145329555879,12191924.29843562,13922457.386048676,15268343.788688326,1.4761551165507187,1.4593437245001852,1.2513134497443954,97.74068026417328,97.63445167334842,97.5727064340505,25.448697924930133,247.1165736149519,438.34898529392706,981.8022587346686,7,-0.4999999999999997,-0.8660254037844388,-0.6069115162308353
2017-08-01,9.008470457702693,179.2576089770355,18.08007154459169,12.336577939470754,24.551549241716916,9.578681529754302,0.1488155852026424,0.1440661835987917,0.00012222814646,0.0001199587587845,14734331.280074531,1.6140263105571488,97.70064248545752,8,Winter,6.583407646148845,6.203976716750708,12.66131356203061,150.37993583760968,141.00713403861874,146.96191541769875,17.725597593479932,17.547819058999355,19.00701536700794,11.497958537148728,11.330419730910602,13.518211076344857,24.56361246683189,24.333771712283667,25.459870385551696,9.881523308154792,9.441007993922293,12.483798817069324,0.1130151985955947,0.1191496925185685,0.17713775263084,0.1455222771342767,0.1571655187748351,0.1814955075396767,1.870020417099825e-05,9.63163720141249e-06,0.000125278957484,1.6321559244975285e-05,7.267705154763231e-06,0.000122910533571,13161714.298590893,12191924.29843562,13922457.386048676,1.310382247423759,1.4761551165507187,1.4593437245001852,97.87424411746284,97.74068026417328,97.63445167334842,21.795854820602216,142.51445781520567,470.6446788532638,978.8030289947342,8,-0.8660254037844385,-0.5000000000000004,-0.4755870147520154
2017-09-01,23.66027686787748,206.39743540261196,20.617334752210983,14.598802199748176,27.011633306289845,11.9228242728015,0.1748598876842952,0.1599255785615004,0.0002888813883819,0.0002867841440847,16394244.946720434,2.079300794032274,97.58947549110164,9,Spring,9.008470457702693,6.583407646148845,6.203976716750708,179.2576089770355,150.37993583760968,141.00713403861874,18.08007154459169,17.725597593479932,17.547819058999355,12.336577939470754,11.497958537148728,11.330419730910602,24.551549241716916,24.56361246683189,24.333771712283667,9.578681529754302,9.881523308154792,9.441007993922293,0.1488155852026424,0.1130151985955947,0.1191496925185685,0.1440661835987917,0.1455222771342767,0.1571655187748351,0.00012222814646,1.870020417099825e-05,9.63163720141249e-06,0.0001199587587845,1.6321559244975285e-05,7.267705154763231e-06,14734331.280074531,13161714.298590893,12191924.29843562,1.6140263105571488,1.310382247423759,1.4761551165507187,97.70064248545752,97.87424411746284,97.74068026417328,39.25215497172899,96.774669359681,536.034980217257,979.9292461697805,9,-1.0,-1.8369701987210297e-16,-0.06382805001928071
2017-10-01,31.97105981089393,216.5515078803262,20.82697240670207,15.654225133991604,26.38239591249116,14.120769767632394,0.2035338874651932,0.2098931247812912,0.0003343662415169,0.0003323050397397,18282776.613592032,1.772119767642536,97.27962123054304,10,Spring,23.66027686787748,9.008470457702693,6.583407646148845,206.39743540261196,179.2576089770355,150.37993583760968,20.617334752210983,18.08007154459169,17.725597593479932,14.598802199748176,12.336577939470754,11.497958537148728,27.011633306289845,24.551549241716916,24.56361246683189,11.9228242728015,9.578681529754302,9.881523308154792,0.1748598876842952,0.1488155852026424,0.1130151985955947,0.1599255785615004,0.1440661835987917,0.1455222771342767,0.0002888813883819,0.00012222814646,1.870020417099825e-05,0.0002867841440847,0.0001199587587845,1.6321559244975285e-05,16394244.946720434,14734331.280074531,13161714.298590893,2.079300794032274,1.6140263105571488,1.310382247423759,97.58947549110164,97.70064248545752,97.87424411746284,64.63980713647408,90.0885050614042,602.2065522599736,1040.5555375539009,10,-0.8660254037844386,0.5000000000000001,-0.08295968437213308
2017-11-01,99.7916008087516,223.00835628909755,21.467776065096533,16.37450816203828,27.0020222963409,14.918100549856256,0.2271547619712146,0.2100711034475632,0.0034981803020414,0.0034963394706859,20364978.34127557,1.8948855108349143,97.18843835068267,11,Spring,31.97105981089393,23.66027686787748,9.008470457702693,216.5515078803262,206.39743540261196,179.2576089770355,20.82697240670207,20.617334752210983,18.08007154459169,15.654225133991604,14.598802199748176,12.336577939470754,26.38239591249116,27.011633306289845,24.551549241716916,14.120769767632394,11.9228242728015,9.578681529754302,0.2035338874651932,0.1748598876842952,0.1488155852026424,0.2098931247812912,0.1599255785615004,0.1440661835987917,0.0003343662415169,0.0002888813883819,0.00012222814646,0.0003323050397397,0.0002867841440847,0.0001199587587845,18282776.613592032,16394244.946720434,14734331.280074531,1.772119767642536,2.079300794032274,1.6140263105571488,97.27962123054304,97.58947549110164,97.70064248545752,155.42293748752297,177.2187923081252,645.9572995720357,1116.6019784252996,11,-0.5000000000000004,0.8660254037844384,-0.022349770264212393
2017-12-01,98.21821840224702,210.93903054291587,22.637838503716647,18.394475594068886,27.76266496231188,17.585539558321493,0.2671358501599731,0.250533493357107,0.000647968494935,0.0006460851925803,19050748.335856527,1.758213795994961,97.06455004673369,12,Summer,99.7916008087516,31.97105981089393,23.66027686787748,223.00835628909755,216.5515078803262,206.39743540261196,21.467776065096533,20.82697240670207,20.617334752210983,16.37450816203828,15.654225133991604,14.598802199748176,27.0020222963409,26.38239591249116,27.011633306289845,14.918100549856256,14.120769767632394,11.9228242728015,0.2271547619712146,0.2035338874651932,0.1748598876842952,0.2100711034475632,0.2098931247812912,0.1599255785615004,0.0034981803020414,0.0003343662415169,0.0002888813883819,0.0034963394706859,0.0003323050397397,0.0002867841440847,20364978.34127557,18282776.613592032,16394244.946720434,1.8948855108349143,1.772119767642536,2.079300794032274,97.18843835068267,97.27962123054304,97.58947549110164,229.98087902189252,269.2330339936215,650.4988947123395,1186.5338749295968,12,-2.4492935982947064e-16,1.0,-0.09018271996377931
2018-01-01,47.12988683462777,247.57867836349703,23.500014202443246,18.89818620567371,29.029414396640288,17.230422556475713,0.1992727089898148,0.2073465814261345,0.0008051681604625,0.0008033742919725,22685902.852218468,1.6435018602266829,97.0582954395164,1,Summer,98.21821840224702,99.7916008087516,31.97105981089393,210.93903054291587,223.00835628909755,216.5515078803262,22.637838503716647,21.467776065096533,20.82697240670207,18.394475594068886,16.37450816203828,15.654225133991604,27.76266496231188,27.0020222963409,26.38239591249116,17.585539558321493,14.918100549856256,14.120769767632394,0.2671358501599731,0.2271547619712146,0.2035338874651932,0.250533493357107,0.2100711034475632,0.2098931247812912,0.000647968494935,0.0034981803020414,0.0003343662415169,0.0006460851925803,0.0034963394706859,0.0003323050397397,19050748.335856527,20364978.34127557,18282776.613592032,1.758213795994961,1.8948855108349143,1.772119767642536,97.06455004673369,97.18843835068267,97.27962123054304,245.13970604562633,309.77951318210046,681.5260651955103,1283.7326174554842,1,0.49999999999999994,0.8660254037844387,-0.517193794141369
2018-02-01,139.92242973784658,171.69462598940953,23.647107555621545,20.185614629846807,28.00026987478129,18.833904634449148,0.2568376006509545,0.2158149519551961,0.0022780839824503,0.00227653318579,16833508.810211446,1.668713768187967,97.00383587122906,2,Summer,47.12988683462777,98.21821840224702,99.7916008087516,247.57867836349703,210.93903054291587,223.00835628909755,23.500014202443246,22.637838503716647,21.467776065096533,18.89818620567371,18.394475594068886,16.37450816203828,29.029414396640288,27.76266496231188,27.0020222963409,17.230422556475713,17.585539558321493,14.918100549856256,0.1992727089898148,0.2671358501599731,0.2271547619712146,0.2073465814261345,0.250533493357107,0.2100711034475632,0.0008051681604625,0.000647968494935,0.0034981803020414,0.0008033742919725,0.0006460851925803,0.0034963394706859,22685902.852218468,19050748.335856527,20364978.34127557,1.6435018602266829,1.758213795994961,1.8948855108349143,97.0582954395164,97.06455004673369,97.18843835068267,285.27053497472133,440.69347246224436,630.2123348958224,1276.169634467858,2,0.8660254037844386,0.5000000000000001,-0.6508699782946563
2018-03-01,72.15595948053188,187.8070117441756,23.1664901500172,18.70143481092763,28.216507182260653,18.327744757400293,0.2720227039941769,0.2824321112450057,0.022089396922812,0.0218191292903481,17839116.819610585,1.5469098800613506,97.04180666954925,3,Autumn,139.92242973784658,47.12988683462777,98.21821840224702,171.69462598940953,247.57867836349703,210.93903054291587,23.647107555621545,23.500014202443246,22.637838503716647,20.185614629846807,18.89818620567371,18.394475594068886,28.00026987478129,29.029414396640288,27.76266496231188,18.833904634449148,17.230422556475713,17.585539558321493,0.2568376006509545,0.1992727089898148,0.2671358501599731,0.2158149519551961,0.2073465814261345,0.250533493357107,0.0022780839824503,0.0008051681604625,0.000647968494935,0.00227653318579,0.0008033742919725,0.0006460851925803,16833508.810211446,22685902.852218468,19050748.335856527,1.668713768187967,1.6435018602266829,1.758213795994961,97.00383587122906,97.0582954395164,97.06455004673369,259.20827605300616,489.18915507489874,607.0803160970821,1257.5792108094217,3,1.0,6.123233995736766e-17,-0.7508639441124673
2018-04-01,43.13553398083418,150.34632715615123,21.49468519093759,17.03067775134145,26.698924360034265,16.604881712389048,0.2290483278870534,0.2491801507875615,0.0001852921469116,0.0001835458868247,15018849.885198556,1.4004306807709546,97.37854701016362,4,Autumn,72.15595948053188,139.92242973784658,47.12988683462777,187.8070117441756,171.69462598940953,247.57867836349703,23.1664901500172,23.647107555621545,23.500014202443246,18.70143481092763,20.185614629846807,18.89818620567371,28.216507182260653,28.00026987478129,29.029414396640288,18.327744757400293,18.833904634449148,17.230422556475713,0.2720227039941769,0.2568376006509545,0.1992727089898148,0.2824321112450057,0.2158149519551961,0.2073465814261345,0.022089396922812,0.0022780839824503,0.0008051681604625,0.0218191292903481,0.00227653318579,0.0008033742919725,17839116.819610585,16833508.810211446,22685902.852218468,1.5469098800613506,1.668713768187967,1.6435018602266829,97.04180666954925,97.00383587122906,97.0582954395164,255.2139231992126,500.353629244839,509.8479648897363,1191.3740300852467,4,0.8660254037844387,-0.4999999999999998,-0.1898147783206385
2018-05-01,33.129634794358346,133.62680270676148,19.1545593437342,14.045510896243163,24.930008354289185,13.456323699533586,0.199497514692672,0.190269322060478,0.0001972068625667,0.000195231759376,12931779.412833352,1.2555150732421725,97.4870670049968,5,Autumn,43.13553398083418,72.15595948053188,139.92242973784658,150.34632715615123,187.8070117441756,171.69462598940953,21.49468519093759,23.1664901500172,23.647107555621545,17.03067775134145,18.70143481092763,20.185614629846807,26.698924360034265,28.216507182260653,28.00026987478129,16.604881712389048,18.327744757400293,18.833904634449148,0.2290483278870534,0.2720227039941769,0.2568376006509545,0.2491801507875615,0.2824321112450057,0.2158149519551961,0.0001852921469116,0.022089396922812,0.0022780839824503,0.0001835458868247,0.0218191292903481,0.00227653318579,15018849.885198556,17839116.819610585,16833508.810211446,1.4004306807709546,1.5469098800613506,1.668713768187967,97.37854701016362,97.04180666954925,97.00383587122906,148.42112825572434,433.6916632304457,471.7801416070883,1101.9924765029107,5,0.49999999999999994,-0.8660254037844387,0.09424855036490185
2018-06-01,7.581921758744488,136.94448018655018,17.205698602036026,10.867722020338588,24.36295196863718,9.314214172240884,0.1375603537745041,0.1699738560266107,2.262593391569943e-05,2.0673720414888125e-05,12870233.690012032,1.5422745575877717,97.7584867576088,6,Winter,33.129634794358346,43.13553398083418,72.15595948053188,133.62680270676148,150.34632715615123,187.8070117441756,19.1545593437342,21.49468519093759,23.1664901500172,14.045510896243163,17.03067775134145,18.70143481092763,24.930008354289185,26.698924360034265,28.216507182260653,13.456323699533586,16.604881712389048,18.327744757400293,0.199497514692672,0.2290483278870534,0.2720227039941769,0.190269322060478,0.2491801507875615,0.2824321112450057,0.0001972068625667,0.0001852921469116,0.022089396922812,0.000195231759376,0.0001835458868247,0.0218191292903481,12931779.412833352,15018849.885198556,17839116.819610585,1.2555150732421725,1.4004306807709546,1.5469098800613506,97.4870670049968,97.37854701016362,97.04180666954925,83.84709053393696,343.0553665869432,420.91761004946284,1027.997926146545,6,1.2246467991473532e-16,-1.0,0.3839229048998297
2018-07-01,9.080809262028634,139.1238478493174,16.2240514742144,10.551988814609278,22.41416049636089,9.15338530812378,0.1204544904925133,0.1514244454233066,1.8952878373624616e-05,1.6978313131022538e-05,12467287.6191918,1.5558462818514116,98.28194583127868,7,Winter,7.581921758744488,33.129634794358346,43.13553398083418,136.94448018655018,133.62680270676148,150.34632715615123,17.205698602036026,19.1545593437342,21.49468519093759,10.867722020338588,14.045510896243163,17.03067775134145,24.36295196863718,24.930008354289185,26.698924360034265,9.314214172240884,13.456323699533586,16.604881712389048,0.1375603537745041,0.199497514692672,0.2290483278870534,0.1699738560266107,0.190269322060478,0.2491801507875615,2.262593391569943e-05,0.0001972068625667,0.0001852921469116,2.0673720414888125e-05,0.000195231759376,0.0001835458868247,12870233.690012032,12931779.412833352,15018849.885198556,1.5422745575877717,1.2555150732421725,1.4004306807709546,97.7584867576088,97.4870670049968,97.37854701016362,49.79236581513141,305.0062890143441,409.695130742629,919.5430956323655,7,-0.4999999999999997,-0.8660254037844388,0.36982515636547164
2018-08-01,15.875035326247913,169.01781684332374,18.6351105377516,13.201694087731184,25.048601478940064,11.272757788486704,0.1656368230885819,0.149026617362102,0.000141307227448,0.0001393432328847,13427052.804937696,1.6868224398471414,97.55136116504237,8,Winter,9.080809262028634,7.581921758744488,33.129634794358346,139.1238478493174,136.94448018655018,133.62680270676148,16.2240514742144,17.205698602036026,19.1545593437342,10.551988814609278,10.867722020338588,14.045510896243163,22.41416049636089,24.36295196863718,24.930008354289185,9.15338530812378,9.314214172240884,13.456323699533586,0.1204544904925133,0.1375603537745041,0.199497514692672,0.1514244454233066,0.1699738560266107,0.190269322060478,1.8952878373624616e-05,2.262593391569943e-05,0.0001972068625667,1.6978313131022538e-05,2.0673720414888125e-05,0.000195231759376,12467287.6191918,12870233.690012032,12931779.412833352,1.5558462818514116,1.5422745575877717,1.2555150732421725,98.28194583127868,97.7584867576088,97.4870670049968,32.53776634702098,180.95889460274537,445.08614487919124,916.8662864862796,8,-0.8660254037844385,-0.5000000000000004,0.6620518119289955
2018-09-01,35.942984956223604,252.21183990205668,22.322310215031543,15.424962029302174,29.663414631280087,11.732679417101773,0.1322203246360316,0.148054577995389,5.8628968383431e-05,5.6801424344954514e-05,19402811.03655987,2.076152880466386,97.22132573882652,9,Spring,15.875035326247913,9.080809262028634,7.581921758744488,169.01781684332374,139.1238478493174,136.94448018655018,18.6351105377516,16.2240514742144,17.205698602036026,13.201694087731184,10.551988814609278,10.867722020338588,25.048601478940064,22.41416049636089,24.36295196863718,11.272757788486704,9.15338530812378,9.314214172240884,0.1656368230885819,0.1204544904925133,0.1375603537745041,0.149026617362102,0.1514244454233066,0.1699738560266107,0.000141307227448,1.8952878373624616e-05,2.262593391569943e-05,0.0001393432328847,1.6978313131022538e-05,2.0673720414888125e-05,13427052.804937696,12467287.6191918,12870233.690012032,1.6868224398471414,1.5558462818514116,1.5422745575877717,97.55136116504237,98.28194583127868,97.7584867576088,60.89882954450009,144.7459200784371,560.3535045946977,981.2711146441607,9,-1.0,-1.8369701987210297e-16,-0.1693899158636664
2018-10-01,28.23252485559432,235.2245337319718,19.949565056927856,13.766681057112711,26.36979397411353,11.91284076977505,0.1768497219598791,0.1602999698782109,0.0002150122439387,0.000213206110233,20719009.111185085,1.9642217072920212,97.62472712506307,10,Spring,35.942984956223604,15.875035326247913,9.080809262028634,252.21183990205668,169.01781684332374,139.1238478493174,22.322310215031543,18.6351105377516,16.2240514742144,15.424962029302174,13.201694087731184,10.551988814609278,29.663414631280087,25.048601478940064,22.41416049636089,11.732679417101773,11.272757788486704,9.15338530812378,0.1322203246360316,0.1656368230885819,0.1204544904925133,0.148054577995389,0.149026617362102,0.1514244454233066,5.8628968383431e-05,0.000141307227448,1.8952878373624616e-05,5.6801424344954514e-05,0.0001393432328847,1.6978313131022538e-05,19402811.03655987,13427052.804937696,12467287.6191918,2.076152880466386,1.6868224398471414,1.5558462818514116,97.22132573882652,97.55136116504237,98.28194583127868,80.05054513806579,129.84291095319725,656.4541904773522,1066.1493212199812,10,-0.8660254037844386,0.5000000000000001,-1.0746743301125234
2018-11-01,56.88151201455601,249.22235323526365,21.913416176668573,16.27332767527887,28.112464985577784,14.072389948172024,0.1815591428062784,0.1797575817115804,0.0005877133095737,0.0005860759032762,21514420.514079414,1.985058353880192,97.31514278054723,11,Spring,28.23252485559432,35.942984956223604,15.875035326247913,235.2245337319718,252.21183990205668,169.01781684332374,19.949565056927856,22.322310215031543,18.6351105377516,13.766681057112711,15.424962029302174,13.201694087731184,26.36979397411353,29.663414631280087,25.048601478940064,11.91284076977505,11.732679417101773,11.272757788486704,0.1768497219598791,0.1322203246360316,0.1656368230885819,0.1602999698782109,0.148054577995389,0.149026617362102,0.0002150122439387,5.8628968383431e-05,0.000141307227448,0.000213206110233,5.6801424344954514e-05,0.0001393432328847,20719009.111185085,19402811.03655987,13427052.804937696,1.9642217072920212,2.076152880466386,1.6868224398471414,97.62472712506307,97.22132573882652,97.55136116504237,121.05702182637387,153.59478817339493,736.6587268692921,1181.7448717484833,11,-0.5000000000000004,0.8660254037844384,-1.2434424726691367
2018-12-01,97.80987210217354,259.447100629445,25.40156695028764,19.986542171319687,31.712860534248613,17.81208668351151,0.1693979246794707,0.1734335888876343,0.0003254510435385,0.0003238944908341,20454419.660882726,1.8863290373672648,96.95826734618144,12,Summer,56.88151201455601,28.23252485559432,35.942984956223604,249.22235323526365,235.2245337319718,252.21183990205668,21.913416176668573,19.949565056927856,22.322310215031543,16.27332767527887,13.766681057112711,15.424962029302174,28.112464985577784,26.36979397411353,29.663414631280087,14.072389948172024,11.91284076977505,11.732679417101773,0.1815591428062784,0.1768497219598791,0.1322203246360316,0.1797575817115804,0.1602999698782109,0.148054577995389,0.0005877133095737,0.0002150122439387,5.8628968383431e-05,0.0005860759032762,0.000213206110233,5.6801424344954514e-05,21514420.514079414,20719009.111185085,19402811.03655987,1.985058353880192,1.9642217072920212,2.076152880466386,97.31514278054723,97.62472712506307,97.22132573882652,182.92390897232383,243.82273851682396,743.8939875966804,1304.2474921913781,12,-2.4492935982947064e-16,1.0,-1.0655577575163537
2019-01-01,108.59134048745236,227.6598071739992,24.201956223743693,20.38207235224133,29.010686480036934,18.62271098467898,0.2335885552385246,0.224903463340917,0.005485573561613,0.0054841121181252,19158737.341562822,1.9371519837940576,96.97265798598474,1,Summer,97.80987210217354,56.88151201455601,28.23252485559432,259.447100629445,249.22235323526365,235.2245337319718,25.40156695028764,21.913416176668573,19.949565056927856,19.986542171319687,16.27332767527887,13.766681057112711,31.712860534248613,28.112464985577784,26.36979397411353,17.81208668351151,14.072389948172024,11.91284076977505,0.1693979246794707,0.1815591428062784,0.1768497219598791,0.1734335888876343,0.1797575817115804,0.1602999698782109,0.0003254510435385,0.0005877133095737,0.0002150122439387,0.0003238944908341,0.0005860759032762,0.000213206110233,20454419.660882726,21514420.514079414,20719009.111185085,1.8863290373672648,1.985058353880192,1.9642217072920212,96.95826734618144,97.31514278054723,97.62472712506307,263.28272460418185,343.3332697422477,736.3292610387078,1392.78345151606,1,0.49999999999999994,0.8660254037844387,-0.7969309832495143
2019-02-01,159.04191746635843,181.605023328578,24.38196161842969,20.783491703405296,29.026712400093107,19.54977325267638,0.2749395031934754,0.2667189755143835,0.0052650131903829,0.0051605659217608,18052412.339865908,1.6600235013195912,97.00914650861276,2,Summer,108.59134048745236,97.80987210217354,56.88151201455601,227.6598071739992,259.447100629445,249.22235323526365,24.201956223743693,25.40156695028764,21.913416176668573,20.38207235224133,19.986542171319687,16.27332767527887,29.010686480036934,31.712860534248613,28.112464985577784,18.62271098467898,17.81208668351151,14.072389948172024,0.2335885552385246,0.1693979246794707,0.1815591428062784,0.224903463340917,0.1734335888876343,0.1797575817115804,0.005485573561613,0.0003254510435385,0.0005877133095737,0.0054841121181252,0.0003238944908341,0.0005860759032762,19158737.341562822,20454419.660882726,21514420.514079414,1.9371519837940576,1.8863290373672648,1.985058353880192,96.97265798598474,96.95826734618144,97.31514278054723,365.4431300559843,486.5001518823582,668.7119311320222,1405.3706580013143,2,0.8660254037844386,0.5000000000000001,-0.4053120297155706
2019-03-01,83.61965053361881,178.0153824426637,24.065456250282068,20.32746816697104,28.65985412917509,19.3236110300322,0.2482375195342826,0.2318238723000857,0.0004480204373489,0.0004466621722985,16385146.690728473,1.362666775060378,97.18118444678744,3,Autumn,159.04191746635843,108.59134048745236,97.80987210217354,181.605023328578,227.6598071739992,259.447100629445,24.38196161842969,24.201956223743693,25.40156695028764,20.783491703405296,20.38207235224133,19.986542171319687,29.026712400093107,29.010686480036934,31.712860534248613,19.54977325267638,18.62271098467898,17.81208668351151,0.2749395031934754,0.2335885552385246,0.1693979246794707,0.2667189755143835,0.224903463340917,0.1734335888876343,0.0052650131903829,0.005485573561613,0.0003254510435385,0.0051605659217608,0.0054841121181252,0.0003238944908341,18052412.339865908,19158737.341562822,20454419.660882726,1.6600235013195912,1.9371519837940576,1.8863290373672648,97.00914650861276,96.97265798598474,96.95826734618144,351.2529084874295,534.1768174597534,587.2802129452409,1331.1742005419214,3,1.0,6.123233995736766e-17,-0.05485816388798724
2019-04-01,65.84716577191568,145.6908471478882,21.958464553334174,17.95009754791443,26.82848170311444,16.96965653281398,0.2104492172963447,0.1980563068504654,0.0002193949067635,0.0002180984519448,13162830.438026477,1.4500582847045829,97.3721986991114,4,Autumn,83.61965053361881,159.04191746635843,108.59134048745236,178.0153824426637,181.605023328578,227.6598071739992,24.065456250282068,24.38196161842969,24.201956223743693,20.32746816697104,20.783491703405296,20.38207235224133,28.65985412917509,29.026712400093107,29.010686480036934,19.3236110300322,19.54977325267638,18.62271098467898,0.2482375195342826,0.2749395031934754,0.2335885552385246,0.2318238723000857,0.2667189755143835,0.224903463340917,0.0004480204373489,0.0052650131903829,0.005485573561613,0.0004466621722985,0.0051605659217608,0.0054841121181252,16385146.690728473,18052412.339865908,19158737.341562822,1.362666775060378,1.6600235013195912,1.9371519837940576,97.18118444678744,97.00914650861276,96.97265798598474,308.5087337718929,571.7914583760747,505.31125291912997,1241.6405139578378,4,0.8660254037844387,-0.4999999999999998,0.20111663439573627
2019-05-01,5.761892897591562,151.78956615903317,19.818843754318625,13.892145205415892,26.20846436108395,12.96407976360417,0.1213868840372592,0.1620250587290124,1.3817088268293802e-05,1.239437704051875e-05,14549108.419704204,1.0248340382214285,97.64160290948602,5,Autumn,65.84716577191568,83.61965053361881,159.04191746635843,145.6908471478882,178.0153824426637,181.605023328578,21.958464553334174,24.065456250282068,24.38196161842969,17.95009754791443,20.32746816697104,20.783491703405296,26.82848170311444,28.65985412917509,29.026712400093107,16.96965653281398,19.3236110300322,19.54977325267638,0.2104492172963447,0.2482375195342826,0.2749395031934754,0.1980563068504654,0.2318238723000857,0.2667189755143835,0.0002193949067635,0.0004480204373489,0.0052650131903829,0.0002180984519448,0.0004466621722985,0.0051605659217608,13162830.438026477,16385146.690728473,18052412.339865908,1.4500582847045829,1.362666775060378,1.6600235013195912,97.3721986991114,97.18118444678744,97.00914650861276,155.228709203126,520.6718392591102,475.4957957495851,1144.2077268816074,5,0.49999999999999994,-0.8660254037844387,0.12449055308067802
2019-06-01,9.416038725673364,135.69477372651494,17.09099193722954,10.452054218608986,24.181460205886044,9.051252385310466,0.1132349604925284,0.1424401623342967,1.4703303898284583e-05,1.3393185198952574e-05,12931613.902767748,1.2748763747784575,97.91071921560054,6,Winter,5.761892897591562,65.84716577191568,83.61965053361881,151.78956615903317,145.6908471478882,178.0153824426637,19.818843754318625,21.958464553334174,24.065456250282068,13.892145205415892,17.95009754791443,20.32746816697104,26.20846436108395,26.82848170311444,28.65985412917509,12.96407976360417,16.96965653281398,19.3236110300322,0.1213868840372592,0.2104492172963447,0.2482375195342826,0.1620250587290124,0.1980563068504654,0.2318238723000857,1.3817088268293802e-05,0.0002193949067635,0.0004480204373489,1.239437704051875e-05,0.0002180984519448,0.0004466621722985,14549108.419704204,13162830.438026477,16385146.690728473,1.0248340382214285,1.4500582847045829,1.362666775060378,97.64160290948602,97.3721986991114,97.18118444678744,81.02509739518055,432.27800588261016,433.1751870334363,1020.4553999786772,6,1.2246467991473532e-16,-1.0,0.10169440286311889
2019-07-01,7.313733871798933,179.62427305508174,17.67380146897176,10.166435059915816,25.93264374635793,6.023195195852402,0.1074394279235055,0.1370534484076678,7.630040068919048e-06,6.336759143788031e-06,14782262.94258763,1.555462565175949,97.64759740195936,7,Winter,9.416038725673364,5.761892897591562,65.84716577191568,135.69477372651494,151.78956615903317,145.6908471478882,17.09099193722954,19.818843754318625,21.958464553334174,10.452054218608986,13.892145205415892,17.95009754791443,24.181460205886044,26.20846436108395,26.82848170311444,9.051252385310466,12.96407976360417,16.96965653281398,0.1132349604925284,0.1213868840372592,0.2104492172963447,0.1424401623342967,0.1620250587290124,0.1980563068504654,1.4703303898284583e-05,1.3817088268293802e-05,0.0002193949067635,1.3393185198952574e-05,1.239437704051875e-05,0.0002180984519448,12931613.902767748,14549108.419704204,13162830.438026477,1.2748763747784575,1.0248340382214285,1.4500582847045829,97.91071921560054,97.64160290948602,97.3721986991114,22.4916654950638,331.0003992669567,467.1086129406299,972.4198658597597,7,-0.4999999999999997,-0.8660254037844388,-1.1914449736816377
2019-08-01,7.656058353412269,185.39092552575823,19.917031758176147,13.759357940080331,26.991743957725664,11.241607385536676,0.1243805686702204,0.1352691099531813,5.62791036784864e-05,5.507961399718742e-05,15047450.335623616,1.4308162436952043,97.77003418177247,8,Winter,7.313733871798933,9.416038725673364,5.761892897591562,179.62427305508174,135.69477372651494,151.78956615903317,17.67380146897176,17.09099193722954,19.818843754318625,10.166435059915816,10.452054218608986,13.892145205415892,25.93264374635793,24.181460205886044,26.20846436108395,6.023195195852402,9.051252385310466,12.96407976360417,0.1074394279235055,0.1132349604925284,0.1213868840372592,0.1370534484076678,0.1424401623342967,0.1620250587290124,7.630040068919048e-06,1.4703303898284583e-05,1.3817088268293802e-05,6.336759143788031e-06,1.3393185198952574e-05,1.239437704051875e-05,14782262.94258763,12931613.902767748,14549108.419704204,1.555462565175949,1.2748763747784575,1.0248340382214285,97.64759740195936,97.91071921560054,97.64160290948602,24.385830950884507,179.61454015401057,500.7099723073549,976.2057680569401,8,-0.8660254037844385,-0.5000000000000004,-1.336650490199533
2019-09-01,25.732609440224245,213.84628332263725,20.03527759279633,13.87099261048612,26.712202791473352,11.000504379792725,0.1569471581891698,0.1460051425240673,9.726385992786944e-05,9.615003847473365e-05,17903519.064462997,1.8846467246446263,97.6785449471802,9,Spring,7.656058353412269,7.313733871798933,9.416038725673364,185.39092552575823,179.62427305508174,135.69477372651494,19.917031758176147,17.67380146897176,17.09099193722954,13.759357940080331,10.166435059915816,10.452054218608986,26.991743957725664,25.93264374635793,24.181460205886044,11.241607385536676,6.023195195852402,9.051252385310466,0.1243805686702204,0.1074394279235055,0.1132349604925284,0.1352691099531813,0.1370534484076678,0.1424401623342967,5.62791036784864e-05,7.630040068919048e-06,1.4703303898284583e-05,5.507961399718742e-05,6.336759143788031e-06,1.3393185198952574e-05,15047450.335623616,14782262.94258763,12931613.902767748,1.4308162436952043,1.555462565175949,1.2748763747784575,97.77003418177247,97.64759740195936,97.91071921560054,40.70240166543539,121.727499060616,578.8614819034772,1012.0366689369135,9,-1.0,-1.8369701987210297e-16,-1.6985586666241055
2019-10-01,50.42763375898677,244.78449051130548,22.648590099426087,16.83081695851617,29.254516027958555,14.329365789539988,0.1490432302717012,0.1436204801069079,0.000128269087967,0.0001272070978092,19036918.438845143,1.9713115729968365,97.21890869834353,10,Spring,25.732609440224245,7.656058353412269,7.313733871798933,213.84628332263725,185.39092552575823,179.62427305508174,20.03527759279633,19.917031758176147,17.67380146897176,13.87099261048612,13.759357940080331,10.166435059915816,26.712202791473352,26.991743957725664,25.93264374635793,11.000504379792725,11.241607385536676,6.023195195852402,0.1569471581891698,0.1243805686702204,0.1074394279235055,0.1460051425240673,0.1352691099531813,0.1370534484076678,9.726385992786944e-05,5.62791036784864e-05,7.630040068919048e-06,9.615003847473365e-05,5.507961399718742e-05,6.336759143788031e-06,17903519.064462997,15047450.335623616,14782262.94258763,1.8846467246446263,1.4308162436952043,1.555462565175949,97.6785449471802,97.77003418177247,97.64759740195936,83.81630155262323,106.30796704768709,644.021699359701,1111.1303123003308,10,-0.8660254037844386,0.5000000000000001,-0.6610460738983578
2019-11-01,95.68017343975684,220.8807353293422,23.75230250360494,19.0148586635842,29.23414251003885,17.331004275273376,0.2333263161571638,0.2107128443987647,0.004077572819343,0.0040765386948945,18293854.60890493,1.9435120880917385,96.9883845572094,11,Spring,50.42763375898677,25.732609440224245,7.656058353412269,244.78449051130548,213.84628332263725,185.39092552575823,22.648590099426087,20.03527759279633,19.917031758176147,16.83081695851617,13.87099261048612,13.759357940080331,29.254516027958555,26.712202791473352,26.991743957725664,14.329365789539988,11.000504379792725,11.241607385536676,0.1490432302717012,0.1569471581891698,0.1243805686702204,0.1436204801069079,0.1460051425240673,0.1352691099531813,0.000128269087967,9.726385992786944e-05,5.62791036784864e-05,0.0001272070978092,9.615003847473365e-05,5.507961399718742e-05,19036918.438845143,17903519.064462997,15047450.335623616,1.9713115729968365,1.8846467246446263,1.4308162436952043,97.21890869834353,97.6785449471802,97.77003418177247,171.84041663896778,196.22624758985236,679.5115091632849,1180.22148147064,11,-0.5000000000000004,0.8660254037844384,-0.1896639226891571
2019-12-01,96.13108725172562,228.03131703435295,23.516380049644543,18.93762145406141,28.682380410968825,17.832744859883725,0.244990387057662,0.2598691897142201,0.0010205695022313,0.0010195127301697,19281533.832537554,1.8800692598389728,97.03987182536632,12,Summer,95.68017343975684,50.42763375898677,25.732609440224245,220.8807353293422,244.78449051130548,213.84628332263725,23.75230250360494,22.648590099426087,20.03527759279633,19.0148586635842,16.83081695851617,13.87099261048612,29.23414251003885,29.254516027958555,26.712202791473352,17.331004275273376,14.329365789539988,11.000504379792725,0.2333263161571638,0.1490432302717012,0.1569471581891698,0.2107128443987647,0.1436204801069079,0.1460051425240673,0.004077572819343,0.000128269087967,9.726385992786944e-05,0.0040765386948945,0.0001272070978092,9.615003847473365e-05,18293854.60890493,19036918.438845143,17903519.064462997,1.9435120880917385,1.9713115729968365,1.8846467246446263,96.9883845572094,97.21890869834353,97.6785449471802,242.2388944504692,282.9412961159046,693.6965428750007,1272.5580247784778,12,-2.4492935982947064e-16,1.0,-0.30504425214412667
2020-01-01,106.50650293104005,221.9999886053994,24.62324606738223,20.62092378020384,29.36703689200256,19.261259907251983,0.2663245937255157,0.269059079371135,0.0324348223661256,0.0286697994393128,20046050.181902874,1.731559904805514,97.01704148997484,1,Summer,96.13108725172562,95.68017343975684,50.42763375898677,228.03131703435295,220.8807353293422,244.78449051130548,23.516380049644543,23.75230250360494,22.648590099426087,18.93762145406141,19.0148586635842,16.83081695851617,28.682380410968825,29.23414251003885,29.254516027958555,17.832744859883725,17.331004275273376,14.329365789539988,0.244990387057662,0.2333263161571638,0.1490432302717012,0.2598691897142201,0.2107128443987647,0.1436204801069079,0.0010205695022313,0.004077572819343,0.000128269087967,0.0010195127301697,0.0040765386948945,0.0001272070978092,19281533.832537554,18293854.60890493,19036918.438845143,1.8800692598389728,1.9435120880917385,1.9713115729968365,97.03987182536632,96.9883845572094,97.21890869834353,298.3177636225224,382.13406517514574,670.9120409690945,1314.9337403287955,1,0.49999999999999994,0.8660254037844387,-0.03042534475661344
2020-02-01,130.64715201700824,181.99802768359547,23.74508931303109,19.66621915935268,28.12334006257392,19.50013964589026,0.3061035577625331,0.3143588093446148,0.015480610061208,0.0154542876979071,19247330.255197316,1.6745624580383276,97.15995429941576,2,Summer,106.50650293104005,96.13108725172562,95.68017343975684,221.9999886053994,228.03131703435295,220.8807353293422,24.62324606738223,23.516380049644543,23.75230250360494,20.62092378020384,18.93762145406141,19.0148586635842,29.36703689200256,28.682380410968825,29.23414251003885,19.261259907251983,17.832744859883725,17.331004275273376,0.2663245937255157,0.244990387057662,0.2333263161571638,0.269059079371135,0.2598691897142201,0.2107128443987647,0.0324348223661256,0.0010205695022313,0.004077572819343,0.0286697994393128,0.0010195127301697,0.0040765386948945,20046050.181902874,19281533.832537554,18293854.60890493,1.731559904805514,1.8800692598389728,1.9435120880917385,97.01704148997484,97.03987182536632,96.9883845572094,333.28474219977386,505.1251588387417,632.0293333233478,1311.5408424866328,2,0.8660254037844386,0.5000000000000001,-0.37865314397042565
2020-03-01,66.46111580610909,181.2661157295592,22.809675965354124,18.473440964724222,27.90339433761779,18.149087412021103,0.2706378904041825,0.2891636205003672,0.0004772909711844,0.000475686890769,18129767.45350342,1.3356422947448765,97.25485002168747,3,Autumn,130.64715201700824,106.50650293104005,96.13108725172562,181.99802768359547,221.9999886053994,228.03131703435295,23.74508931303109,24.62324606738223,23.516380049644543,19.66621915935268,20.62092378020384,18.93762145406141,28.12334006257392,29.36703689200256,28.682380410968825,19.50013964589026,19.261259907251983,17.832744859883725,0.3061035577625331,0.2663245937255157,0.244990387057662,0.3143588093446148,0.269059079371135,0.2598691897142201,0.015480610061208,0.0324348223661256,0.0010205695022313,0.0154542876979071,0.0286697994393128,0.0010195127301697,19247330.255197316,20046050.181902874,19281533.832537554,1.6745624580383276,1.731559904805514,1.8800692598389728,97.15995429941576,97.01704148997484,97.03987182536632,303.61477075415735,545.8536652046266,585.2641320185542,1278.9606748935548,3,1.0,6.123233995736766e-17,-0.33876258796901293
2020-04-01,35.396595581351505,135.1365086081226,20.83615567505336,17.16130481816371,25.193386976698815,16.480365202085494,0.2712471738953786,0.2645558545066321,0.002054132763229,0.0020522552707133,13075245.087123947,1.46925035161537,97.44413798132818,4,Autumn,66.46111580610909,130.64715201700824,106.50650293104005,181.2661157295592,181.99802768359547,221.9999886053994,22.809675965354124,23.74508931303109,24.62324606738223,18.473440964724222,19.66621915935268,20.62092378020384,27.90339433761779,28.12334006257392,29.36703689200256,18.149087412021103,19.50013964589026,19.261259907251983,0.2706378904041825,0.3061035577625331,0.2663245937255157,0.2891636205003672,0.3143588093446148,0.269059079371135,0.0004772909711844,0.015480610061208,0.0324348223661256,0.000475686890769,0.0154542876979071,0.0286697994393128,18129767.45350342,19247330.255197316,20046050.181902874,1.3356422947448765,1.6745624580383276,1.731559904805514,97.25485002168747,97.15995429941576,97.01704148997484,232.50486340446878,530.8226270269913,498.40065202127727,1169.312692990372,4,0.8660254037844387,-0.4999999999999998,-0.2659423025830592
2020-05-01,2.459000817662095,144.1322701179594,18.287142952643254,12.166094918815778,24.96525775806804,11.58696183801082,0.1842336327035365,0.2293887042299587,2.014405675743461e-05,1.7742764218189227e-05,14966874.609060207,1.0908023106060958,97.7043347927372,5,Autumn,35.396595581351505,66.46111580610909,130.64715201700824,135.1365086081226,181.2661157295592,181.99802768359547,20.83615567505336,22.809675965354124,23.74508931303109,17.16130481816371,18.473440964724222,19.66621915935268,25.193386976698815,27.90339433761779,28.12334006257392,16.480365202085494,18.149087412021103,19.50013964589026,0.2712471738953786,0.2706378904041825,0.3061035577625331,0.2645558545066321,0.2891636205003672,0.3143588093446148,0.002054132763229,0.0004772909711844,0.015480610061208,0.0020522552707133,0.000475686890769,0.0154542876979071,13075245.087123947,18129767.45350342,19247330.255197316,1.46925035161537,1.3356422947448765,1.6745624580383276,97.44413798132818,97.25485002168747,97.15995429941576,104.31671220512264,437.6014544048966,460.53489445564117,1092.5642277789889,5,0.49999999999999994,-0.8660254037844387,-0.2271455633346875
2020-06-01,18.791172943331016,119.23210384720927,15.571291209013166,9.537063639029128,22.16886758448558,8.679648528192788,0.1719755764137631,0.1885386452060887,0.0001565235724087,0.0001541022413043,12626048.545848371,1.4669067987078075,97.92089173860636,6,Winter,2.459000817662095,35.396595581351505,66.46111580610909,144.1322701179594,135.1365086081226,181.2661157295592,18.287142952643254,20.83615567505336,22.809675965354124,12.166094918815778,17.16130481816371,18.473440964724222,24.96525775806804,25.193386976698815,27.90339433761779,11.58696183801082,16.480365202085494,18.149087412021103,0.1842336327035365,0.2712471738953786,0.2706378904041825,0.2293887042299587,0.2645558545066321,0.2891636205003672,2.014405675743461e-05,0.002054132763229,0.0004772909711844,1.7742764218189227e-05,0.0020522552707133,0.000475686890769,14966874.609060207,13075245.087123947,18129767.45350342,1.0908023106060958,1.46925035161537,1.3356422947448765,97.7043347927372,97.44413798132818,97.25485002168747,56.646769342344555,360.26154009650196,398.5008825732913,983.7650145918453,6,1.2246467991473532e-16,-1.0,0.2943933972502417
2020-07-01,9.100068495191376,140.00567274726254,15.666979005300572,8.803526252665735,22.87027918299293,7.281673946182925,0.1288692567951999,0.1754226504652716,1.2410623071856448e-05,9.886893554715044e-06,13579497.328286944,1.3148930107955452,97.97184016572638,7,Winter,18.791172943331016,2.459000817662095,35.396595581351505,119.23210384720927,144.1322701179594,135.1365086081226,15.571291209013166,18.287142952643254,20.83615567505336,9.537063639029128,12.166094918815778,17.16130481816371,22.16886758448558,24.96525775806804,25.193386976698815,8.679648528192788,11.58696183801082,16.480365202085494,0.1719755764137631,0.1842336327035365,0.2712471738953786,0.1885386452060887,0.2293887042299587,0.2645558545066321,0.0001565235724087,2.014405675743461e-05,0.002054132763229,0.0001541022413043,1.7742764218189227e-05,0.0020522552707133,12626048.545848371,14966874.609060207,13075245.087123947,1.4669067987078075,1.0908023106060958,1.46925035161537,97.92089173860636,97.7043347927372,97.44413798132818,30.35024225618443,262.8551056606533,403.3700467124312,901.7706987337085,7,-0.4999999999999997,-0.8660254037844388,0.12808001520784731
2020-08-01,5.402160951882522,182.6335123945229,17.705227600967778,11.299414345748056,24.710315372853096,8.999012589194587,0.1161640108448438,0.1504228998473478,3.647890331943112e-05,3.4045871844790905e-05,15030896.05519972,1.672096123966326,97.53154657322888,8,Winter,9.100068495191376,18.791172943331016,2.459000817662095,140.00567274726254,119.23210384720927,144.1322701179594,15.666979005300572,15.571291209013166,18.287142952643254,8.803526252665735,9.537063639029128,12.166094918815778,22.87027918299293,22.16886758448558,24.96525775806804,7.281673946182925,8.679648528192788,11.58696183801082,0.1288692567951999,0.1719755764137631,0.1842336327035365,0.1754226504652716,0.1885386452060887,0.2293887042299587,1.2410623071856448e-05,0.0001565235724087,2.014405675743461e-05,9.886893554715044e-06,0.0001541022413043,1.7742764218189227e-05,13579497.328286944,12626048.545848371,14966874.609060207,1.3148930107955452,1.4669067987078075,1.0908023106060958,97.97184016572638,97.92089173860636,97.7043347927372,33.29340239040486,137.61011459552756,441.8712889889947,902.406183444636,8,-0.8660254037844385,-0.5000000000000004,0.7864851548917937
2020-09-01,23.83207310163058,184.53079125833852,19.55045507203801,14.465087258973568,25.162278714507067,12.614669647017877,0.1486145631596594,0.1449979619907175,0.0001235370816736,0.0001212740417852,15759366.962873232,1.80564356608502,97.61681235849048,9,Spring,5.402160951882522,9.100068495191376,18.791172943331016,182.6335123945229,140.00567274726254,119.23210384720927,17.705227600967778,15.666979005300572,15.571291209013166,11.299414345748056,8.803526252665735,9.537063639029128,24.710315372853096,22.87027918299293,22.16886758448558,8.999012589194587,7.281673946182925,8.679648528192788,0.1161640108448438,0.1288692567951999,0.1719755764137631,0.1504228998473478,0.1754226504652716,0.1885386452060887,3.647890331943112e-05,1.2410623071856448e-05,0.0001565235724087,3.4045871844790905e-05,9.886893554715044e-06,0.0001541022413043,15030896.05519972,13579497.328286944,12626048.545848371,1.672096123966326,1.3148930107955452,1.4669067987078075,97.53154657322888,97.97184016572638,97.92089173860636,38.33430254870442,94.98107189104904,507.1699764001239,905.6708589734152,9,-1.0,-1.8369701987210297e-16,1.0403333594438442
2020-10-01,58.94539498662574,203.55106696540267,21.09995753411657,16.308667529896773,26.30320380834925,15.147873295805145,0.2360513154859058,0.2399752827045325,0.0004515530077558,0.0004492371682654,17149150.47423183,1.8075971424772328,97.404562819645,10,Spring,23.83207310163058,5.402160951882522,9.100068495191376,184.53079125833852,182.6335123945229,140.00567274726254,19.55045507203801,17.705227600967778,15.666979005300572,14.465087258973568,11.299414345748056,8.803526252665735,25.162278714507067,24.710315372853096,22.87027918299293,12.614669647017877,8.999012589194587,7.281673946182925,0.1486145631596594,0.1161640108448438,0.1288692567951999,0.1449979619907175,0.1504228998473478,0.1754226504652716,0.0001235370816736,3.647890331943112e-05,1.2410623071856448e-05,0.0001212740417852,3.4045871844790905e-05,9.886893554715044e-06,15759366.962873232,15030896.05519972,13579497.328286944,1.80564356608502,1.672096123966326,1.3148930107955452,97.61681235849048,97.53154657322888,97.97184016572638,88.17962904013879,118.52987129632328,570.7153706182642,974.0854173306952,10,-0.8660254037844386,0.5000000000000001,1.3222773938320271
2020-11-01,65.9787692855039,246.231085879708,24.333145194468702,18.912696184693125,30.146991787576507,16.647283305578622,0.1661575777196902,0.156090126772076,0.0001710448346843,0.0001689627874198,19597117.53020457,1.9996893306967531,97.05117717920724,11,Spring,58.94539498662574,23.83207310163058,5.402160951882522,203.55106696540267,184.53079125833852,182.6335123945229,21.09995753411657,19.55045507203801,17.705227600967778,16.308667529896773,14.465087258973568,11.299414345748056,26.30320380834925,25.162278714507067,24.710315372853096,15.147873295805145,12.614669647017877,8.999012589194587,0.2360513154859058,0.1486145631596594,0.1161640108448438,0.2399752827045325,0.1449979619907175,0.1504228998473478,0.0004515530077558,0.0001235370816736,3.647890331943112e-05,0.0004492371682654,0.0001212740417852,3.4045871844790905e-05,17149150.47423183,15759366.962873232,15030896.05519972,1.8075971424772328,1.80564356608502,1.672096123966326,97.404562819645,97.61681235849048,97.53154657322888,148.75623737376017,182.04963976416508,634.3129441034492,1076.184233092444,11,-0.5000000000000004,0.8660254037844384,0.026249476230402434
2020-12-01,82.06187220804466,243.23858253469533,25.03045061722356,20.567365476795523,30.446477902586665,18.99374643804624,0.2183375682322154,0.1910509972287086,0.0004919181554325,0.0004899843935501,20880239.10655642,1.81675617274634,96.9419796575636,12,Summer,65.9787692855039,58.94539498662574,23.83207310163058,246.231085879708,203.55106696540267,184.53079125833852,24.333145194468702,21.09995753411657,19.55045507203801,18.912696184693125,16.308667529896773,14.465087258973568,30.146991787576507,26.30320380834925,25.162278714507067,16.647283305578622,15.147873295805145,12.614669647017877,0.1661575777196902,0.2360513154859058,0.1486145631596594,0.156090126772076,0.2399752827045325,0.1449979619907175,0.0001710448346843,0.0004515530077558,0.0001235370816736,0.0001689627874198,0.0004492371682654,0.0001212740417852,19597117.53020457,17149150.47423183,15759366.962873232,1.9996893306967531,1.8075971424772328,1.80564356608502,97.05117717920724,97.404562819645,97.61681235849048,206.98603648017425,245.32033902887872,693.020735379806,1200.1907117799299,12,-2.4492935982947064e-16,1.0,-0.5451659790957484
2021-01-01,229.88161763377576,216.4150940435888,24.563387676455363,20.56912197363144,29.17020814246371,19.561390066718808,0.2743246749961446,0.2607808728927198,0.0280608599904641,0.0274528104690866,19515965.60055898,1.7451989969617352,96.87407146073144,1,Summer,82.06187220804466,65.9787692855039,58.94539498662574,243.23858253469533,246.231085879708,203.55106696540267,25.03045061722356,24.333145194468702,21.09995753411657,20.567365476795523,18.912696184693125,16.308667529896773,30.446477902586665,30.146991787576507,26.30320380834925,18.99374643804624,16.647283305578622,15.147873295805145,0.2183375682322154,0.1661575777196902,0.2360513154859058,0.1910509972287086,0.156090126772076,0.2399752827045325,0.0004919181554325,0.0001710448346843,0.0004515530077558,0.0004899843935501,0.0001689627874198,0.0004492371682654,20880239.10655642,19597117.53020457,17149150.47423183,1.81675617274634,1.9996893306967531,1.8075971424772328,96.9419796575636,97.05117717920724,97.404562819645,377.92225912732425,466.10188816746313,705.8847624579921,1276.6001330762563,1,0.49999999999999994,0.8660254037844387,0.3101394842451673
2021-02-01,278.886284681467,147.77349930808,23.137211956632743,20.143846529743737,27.015684791002283,19.89878034357232,0.3723738325898417,0.3674859577629478,0.0140651446709989,0.0139416306403994,15951734.820268178,2.006429620522212,96.8732772229178,2,Summer,229.88161763377576,82.06187220804466,65.9787692855039,216.4150940435888,243.23858253469533,246.231085879708,24.563387676455363,25.03045061722356,24.333145194468702,20.56912197363144,20.567365476795523,18.912696184693125,29.17020814246371,30.446477902586665,30.146991787576507,19.561390066718808,18.99374643804624,16.647283305578622,0.2743246749961446,0.2183375682322154,0.1661575777196902,0.2607808728927198,0.1910509972287086,0.156090126772076,0.0280608599904641,0.0004919181554325,0.0001710448346843,0.0274528104690866,0.0004899843935501,0.0001689627874198,19515965.60055898,20880239.10655642,19597117.53020457,1.7451989969617352,1.81675617274634,1.9996893306967531,96.87407146073144,96.9419796575636,97.05117717920724,590.8297745232874,739.5860118970476,607.4271758863641,1241.7401199898134,2,0.8660254037844386,0.5000000000000001,1.283897837122441
2021-03-01,104.41593377638664,198.256222618616,23.461604764443845,19.25851826599484,28.43755601025772,18.324874390138294,0.2550026478361469,0.2744297892228911,0.0004305194000904,0.0004249724024899,19522365.33545473,1.3446088714235989,97.05345607186008,3,Autumn,278.886284681467,229.88161763377576,82.06187220804466,147.77349930808,216.4150940435888,243.23858253469533,23.137211956632743,24.563387676455363,25.03045061722356,20.143846529743737,20.56912197363144,20.567365476795523,27.015684791002283,29.17020814246371,30.446477902586665,19.89878034357232,19.561390066718808,18.99374643804624,0.3723738325898417,0.2743246749961446,0.2183375682322154,0.3674859577629478,0.2607808728927198,0.1910509972287086,0.0140651446709989,0.0280608599904641,0.0004919181554325,0.0139416306403994,0.0274528104690866,0.0004899843935501,15951734.820268178,19515965.60055898,20880239.10655642,2.006429620522212,1.7451989969617352,1.81675617274634,96.8732772229178,96.87407146073144,96.9419796575636,613.1838360916294,820.1698725718036,562.4448159702848,1255.465551350091,3,1.0,6.123233995736766e-17,1.7296783941771832
2021-04-01,15.975732982105958,166.95093019236725,21.446693631572707,16.015535200832833,27.37795913641203,15.526609546861827,0.1521305142374723,0.1925878499532577,0.0001107361234912,0.0001043639673653,16388048.0543923,1.2695232382229675,97.46018916227152,4,Autumn,104.41593377638664,278.886284681467,229.88161763377576,198.256222618616,147.77349930808,216.4150940435888,23.461604764443845,23.137211956632743,24.563387676455363,19.25851826599484,20.143846529743737,20.56912197363144,28.43755601025772,27.015684791002283,29.17020814246371,18.324874390138294,19.89878034357232,19.561390066718808,0.2550026478361469,0.3723738325898417,0.2743246749961446,0.2744297892228911,0.3674859577629478,0.2607808728927198,0.0004305194000904,0.0140651446709989,0.0280608599904641,0.0004249724024899,0.0139416306403994,0.0274528104690866,19522365.33545473,15951734.820268178,19515965.60055898,1.3446088714235989,2.006429620522212,1.7451989969617352,97.05345607186008,96.8732772229178,96.87407146073144,399.2779514399595,777.2002105672839,512.9806521190633,1218.8654145770554,4,0.8660254037844387,-0.4999999999999998,0.7628574982283574
2021-05-01,4.8650334208123365,150.72760362487406,18.79197766332263,13.023146913447816,25.374158218790715,11.57258955676856,0.1446792820513301,0.1632037211832369,4.5638652484769854e-05,3.906568034891617e-05,13883145.720973564,1.3851548797594715,97.5613458563514,5,Autumn,15.975732982105958,104.41593377638664,278.886284681467,166.95093019236725,198.256222618616,147.77349930808,21.446693631572707,23.461604764443845,23.137211956632743,16.015535200832833,19.25851826599484,20.143846529743737,27.37795913641203,28.43755601025772,27.015684791002283,15.526609546861827,18.324874390138294,19.89878034357232,0.1521305142374723,0.2550026478361469,0.3723738325898417,0.1925878499532577,0.2744297892228911,0.3674859577629478,0.0001107361234912,0.0004305194000904,0.0140651446709989,0.0001043639673653,0.0004249724024899,0.0139416306403994,16388048.0543923,19522365.33545473,15951734.820268178,1.2695232382229675,1.3446088714235989,2.006429620522212,97.46018916227152,97.05345607186008,96.8732772229178,125.25670017930487,716.0864747025923,515.9347564358574,1123.3619323222215,5,0.49999999999999994,-0.8660254037844387,-0.5641961046420099
2021-06-01,14.70458449482602,118.3596791612112,16.117008569964533,10.025344688883758,23.260442020861536,9.534068326724368,0.1879087418281931,0.1915971748330628,0.0001748958434438,0.0001686706547272,12587406.25030084,1.3706678722878205,97.76087104366836,6,Winter,4.8650334208123365,15.975732982105958,104.41593377638664,150.72760362487406,166.95093019236725,198.256222618616,18.79197766332263,21.446693631572707,23.461604764443845,13.023146913447816,16.015535200832833,19.25851826599484,25.374158218790715,27.37795913641203,28.43755601025772,11.57258955676856,15.526609546861827,18.324874390138294,0.1446792820513301,0.1521305142374723,0.2550026478361469,0.1632037211832369,0.1925878499532577,0.2744297892228911,4.5638652484769854e-05,0.0001107361234912,0.0004305194000904,3.906568034891617e-05,0.0001043639673653,0.0004249724024899,13883145.720973564,16388048.0543923,19522365.33545473,1.3851548797594715,1.2695232382229675,1.3446088714235989,97.5613458563514,97.46018916227152,97.05345607186008,35.54535089774426,648.7291869893737,436.0382129784525,998.4830289487373,6,1.2246467991473532e-16,-1.0,-0.8030865782717108
2021-07-01,9.421425053337632,149.74268264934042,15.556734152296666,8.854866816270926,22.67813317936487,6.60618829834902,0.1248808840380743,0.1582038092791841,3.317321250585012e-05,2.6919889105786486e-05,13885230.003959471,1.3948703979379145,98.09969446492138,7,Winter,14.70458449482602,4.8650334208123365,15.975732982105958,118.3596791612112,150.72760362487406,166.95093019236725,16.117008569964533,18.79197766332263,21.446693631572707,10.025344688883758,13.023146913447816,16.015535200832833,23.260442020861536,25.374158218790715,27.37795913641203,9.534068326724368,11.57258955676856,15.526609546861827,0.1879087418281931,0.1446792820513301,0.1521305142374723,0.1915971748330628,0.1632037211832369,0.1925878499532577,0.0001748958434438,4.5638652484769854e-05,0.0001107361234912,0.0001686706547272,3.906568034891617e-05,0.0001043639673653,12587406.25030084,13883145.720973564,16388048.0543923,1.3706678722878205,1.3851548797594715,1.2695232382229675,97.76087104366836,97.5613458563514,97.46018916227152,28.991042968975933,428.2689944089355,418.82996543542566,931.810617554489,7,-0.4999999999999997,-0.8660254037844388,-0.18189389686368226
2021-08-01,7.179434709692299,183.55420979566952,17.982720901508806,11.708297257175191,24.70051775006403,9.423193892656682,0.1280307595040606,0.1448757177109831,5.194851422568091e-05,4.599622655861644e-05,14423828.022825198,1.9455626359837015,97.64675698950508,8,Winter,9.421425053337632,14.70458449482602,4.8650334208123365,149.74268264934042,118.3596791612112,150.72760362487406,15.556734152296666,16.117008569964533,18.79197766332263,8.854866816270926,10.025344688883758,13.023146913447816,22.67813317936487,23.260442020861536,25.374158218790715,6.60618829834902,9.534068326724368,11.57258955676856,0.1248808840380743,0.1879087418281931,0.1446792820513301,0.1582038092791841,0.1915971748330628,0.1632037211832369,3.317321250585012e-05,0.0001748958434438,4.5638652484769854e-05,2.6919889105786486e-05,0.0001686706547272,3.906568034891617e-05,13885230.003959471,12587406.25030084,13883145.720973564,1.3948703979379145,1.3706678722878205,1.3851548797594715,98.09969446492138,97.76087104366836,97.5613458563514,31.305444257855896,156.56214443716084,451.6565716062212,967.5913280420784,8,-0.8660254037844385,-0.5000000000000004,0.41751734724804673
2021-09-01,14.4640834995543,204.29067313671112,19.69410599686752,13.522858598803206,26.024576026007583,11.25477379318036,0.128474399338656,0.1402016800759166,6.989204065894392e-05,6.452396458236749e-05,17220289.231301267,1.9828714390473707,97.58682859201076,9,Spring,7.179434709692299,9.421425053337632,14.70458449482602,183.55420979566952,149.74268264934042,118.3596791612112,17.982720901508806,15.556734152296666,16.117008569964533,11.708297257175191,8.854866816270926,10.025344688883758,24.70051775006403,22.67813317936487,23.260442020861536,9.423193892656682,6.60618829834902,9.534068326724368,0.1280307595040606,0.1248808840380743,0.1879087418281931,0.1448757177109831,0.1582038092791841,0.1915971748330628,5.194851422568091e-05,3.317321250585012e-05,0.0001748958434438,4.599622655861644e-05,2.6919889105786486e-05,0.0001686706547272,14423828.022825198,13885230.003959471,12587406.25030084,1.9455626359837015,1.3948703979379145,1.3706678722878205,97.64675698950508,98.09969446492138,97.76087104366836,31.064943262584173,66.6102941603285,537.587565581721,973.6257785601736,9,-1.0,-1.8369701987210297e-16,-0.4486367882346427
2021-10-01,72.25449707189776,221.07034711846376,20.454658643705447,15.383725282289909,26.095282907153894,12.959085193549775,0.2201735029808829,0.1966528401075509,0.0004009445221415,0.000395801577327,17081932.64678933,2.062539872522346,97.35337506654848,10,Spring,14.4640834995543,7.179434709692299,9.421425053337632,204.29067313671112,183.55420979566952,149.74268264934042,19.69410599686752,17.982720901508806,15.556734152296666,13.522858598803206,11.708297257175191,8.854866816270926,26.024576026007583,24.70051775006403,22.67813317936487,11.25477379318036,9.423193892656682,6.60618829834902,0.128474399338656,0.1280307595040606,0.1248808840380743,0.1402016800759166,0.1448757177109831,0.1582038092791841,6.989204065894392e-05,5.194851422568091e-05,3.317321250585012e-05,6.452396458236749e-05,4.599622655861644e-05,2.6919889105786486e-05,17220289.231301267,14423828.022825198,13885230.003959471,1.9828714390473707,1.9455626359837015,1.3948703979379145,97.58682859201076,97.64675698950508,98.09969446492138,93.8980152811443,122.88905825012029,608.9152300508445,1027.74519548627,10,-0.8660254037844386,0.5000000000000001,0.4928509334212027
2021-11-01,78.30507806019907,212.987573810648,22.343356023330173,17.460066417781313,28.08557780021364,16.481704920322308,0.239357902092289,0.2040952726869854,0.0006055706567281,0.0006009643419984,18692701.719374247,1.61496419338198,97.05815907345254,11,Spring,72.25449707189776,14.4640834995543,7.179434709692299,221.07034711846376,204.29067313671112,183.55420979566952,20.454658643705447,19.69410599686752,17.982720901508806,15.383725282289909,13.522858598803206,11.708297257175191,26.095282907153894,26.024576026007583,24.70051775006403,12.959085193549775,11.25477379318036,9.423193892656682,0.2201735029808829,0.128474399338656,0.1280307595040606,0.1966528401075509,0.1402016800759166,0.1448757177109831,0.0004009445221415,6.989204065894392e-05,5.194851422568091e-05,0.000395801577327,6.452396458236749e-05,4.599622655861644e-05,17081932.64678933,17220289.231301267,14423828.022825198,2.062539872522346,1.9828714390473707,1.9455626359837015,97.35337506654848,97.58682859201076,97.64675698950508,165.02365863165107,196.329102889507,638.3485940658229,1090.005165672044,11,-0.5000000000000004,0.8660254037844384,0.14567415027508543
2021-12-01,196.25466048981008,215.3889773016802,23.91005853037162,19.734518333818,28.814916013791173,18.704728777805368,0.2540847707537916,0.2392868186962825,0.0044374238659326,0.0044329010676388,18859008.27157331,1.6373383311821466,97.04397921795696,12,Summer,78.30507806019907,72.25449707189776,14.4640834995543,212.987573810648,221.07034711846376,204.29067313671112,22.343356023330173,20.454658643705447,19.69410599686752,17.460066417781313,15.383725282289909,13.522858598803206,28.08557780021364,26.095282907153894,26.024576026007583,16.481704920322308,12.959085193549775,11.25477379318036,0.239357902092289,0.2201735029808829,0.128474399338656,0.2040952726869854,0.1966528401075509,0.1402016800759166,0.0006055706567281,0.0004009445221415,6.989204065894392e-05,0.0006009643419984,0.000395801577327,6.452396458236749e-05,18692701.719374247,17081932.64678933,17220289.231301267,1.61496419338198,2.062539872522346,1.9828714390473707,97.05815907345254,97.35337506654848,97.58682859201076,346.81423562190685,377.87917888449107,649.4468982307919,1187.034463812513,12,-2.4492935982947064e-16,1.0,0.7284768873567106
2022-01-01,109.91494896346548,194.5658546169742,23.635456717271136,20.29659091180482,27.69340852084614,19.46683707279632,0.3138330835052391,0.2987918175551874,0.0082637322831238,0.0079877617826098,19417059.526726447,1.5457220051203793,97.14983058162652,1,Summer,196.25466048981008,78.30507806019907,72.25449707189776,215.3889773016802,212.987573810648,221.07034711846376,23.91005853037162,22.343356023330173,20.454658643705447,19.734518333818,17.460066417781313,15.383725282289909,28.814916013791173,28.08557780021364,26.095282907153894,18.704728777805368,16.481704920322308,12.959085193549775,0.2540847707537916,0.239357902092289,0.2201735029808829,0.2392868186962825,0.2040952726869854,0.1966528401075509,0.0044374238659326,0.0006055706567281,0.0004009445221415,0.0044329010676388,0.0006009643419984,0.000395801577327,18859008.27157331,18692701.719374247,17081932.64678933,1.6373383311821466,1.61496419338198,2.062539872522346,97.04397921795696,97.05815907345254,97.35337506654848,384.4746875134746,478.3727027946189,622.9424057293024,1231.857635780147,1,0.49999999999999994,0.8660254037844387,0.993033607573666
2022-02-01,38.342651758016906,205.34853144996003,24.68070676114032,20.174741873069795,30.020278227532145,18.883529548110555,0.1933244262873685,0.2156219949668187,0.0001699544408691,0.0001661081929499,20676458.24058793,1.757714164629809,97.0211315096612,2,Summer,109.91494896346548,196.25466048981008,78.30507806019907,194.5658546169742,215.3889773016802,212.987573810648,23.635456717271136,23.91005853037162,22.343356023330173,20.29659091180482,19.734518333818,17.460066417781313,27.69340852084614,28.814916013791173,28.08557780021364,19.46683707279632,18.704728777805368,16.481704920322308,0.3138330835052391,0.2540847707537916,0.239357902092289,0.2987918175551874,0.2392868186962825,0.2040952726869854,0.0082637322831238,0.0044374238659326,0.0006055706567281,0.0079877617826098,0.0044329010676388,0.0006009643419984,19417059.526726447,18859008.27157331,18692701.719374247,1.5457220051203793,1.6373383311821466,1.61496419338198,97.14983058162652,97.04397921795696,97.05815907345254,344.5122612112924,509.53591984294354,615.3033633686144,1253.6519574344375,2,0.8660254037844386,0.5000000000000001,-0.21393734245823992
2022-03-01,72.24110894409773,196.6733680466452,23.292483844670453,18.94261500872902,28.51527759502692,17.28758846910968,0.1841033317163435,0.1623858055025008,0.0002406759705354,0.0002366654870742,17654184.720750205,1.4050337566926585,97.16627878463552,3,Autumn,38.342651758016906,109.91494896346548,196.25466048981008,205.34853144996003,194.5658546169742,215.3889773016802,24.68070676114032,23.635456717271136,23.91005853037162,20.174741873069795,20.29659091180482,19.734518333818,30.020278227532145,27.69340852084614,28.814916013791173,18.883529548110555,19.46683707279632,18.704728777805368,0.1933244262873685,0.3138330835052391,0.2540847707537916,0.2156219949668187,0.2987918175551874,0.2392868186962825,0.0001699544408691,0.0082637322831238,0.0044374238659326,0.0001661081929499,0.0079877617826098,0.0044329010676388,20676458.24058793,19417059.526726447,18859008.27157331,1.757714164629809,1.5457220051203793,1.6373383311821466,97.0211315096612,97.14983058162652,97.04397921795696,220.49870966558007,567.312945287487,596.5877541135794,1246.0346523443714,3,1.0,6.123233995736766e-17,-0.9264573510154035
2022-04-01,48.053624811686845,137.69901963455152,20.49137659214416,16.259175928806716,25.217479080585804,15.97340825551778,0.2758651629347328,0.2601080744896745,0.001094048930204,0.0010903731042295,13384553.456077017,1.7151031246428516,97.32522990747138,4,Autumn,72.24110894409773,38.342651758016906,109.91494896346548,196.6733680466452,205.34853144996003,194.5658546169742,23.292483844670453,24.68070676114032,23.635456717271136,18.94261500872902,20.174741873069795,20.29659091180482,28.51527759502692,30.020278227532145,27.69340852084614,17.28758846910968,18.883529548110555,19.46683707279632,0.1841033317163435,0.1933244262873685,0.3138330835052391,0.1623858055025008,0.2156219949668187,0.2987918175551874,0.0002406759705354,0.0001699544408691,0.0082637322831238,0.0002366654870742,0.0001661081929499,0.0079877617826098,17654184.720750205,20676458.24058793,19417059.526726447,1.4050337566926585,1.757714164629809,1.5457220051203793,97.16627878463552,97.0211315096612,97.14983058162652,158.63738551380143,543.112073027276,539.7209191311567,1162.6633248604592,4,0.8660254037844387,-0.4999999999999998,-1.0445921789886483
2022-05-01,41.343527022344055,114.0212670560348,18.31525890111489,13.4416159925131,23.655638017540028,13.81671363838266,0.2839523628027254,0.2800736212405555,0.0019224340950107,0.0019185656836314,12881382.752765808,1.2374208939044358,97.55771865452728,5,Autumn,48.053624811686845,72.24110894409773,38.342651758016906,137.69901963455152,196.6733680466452,205.34853144996003,20.49137659214416,23.292483844670453,24.68070676114032,16.259175928806716,18.94261500872902,20.174741873069795,25.217479080585804,28.51527759502692,30.020278227532145,15.97340825551778,17.28758846910968,18.883529548110555,0.2758651629347328,0.1841033317163435,0.1933244262873685,0.2601080744896745,0.1623858055025008,0.2156219949668187,0.001094048930204,0.0002406759705354,0.0001699544408691,0.0010903731042295,0.0002366654870742,0.0001661081929499,13384553.456077017,17654184.720750205,20676458.24058793,1.7151031246428516,1.4050337566926585,1.757714164629809,97.32522990747138,97.16627878463552,97.0211315096612,161.6382607781286,506.15052198942107,448.39365473723154,1063.697018105846,5,0.49999999999999994,-0.8660254037844387,0.4522669728294911
2022-06-01,32.80287940010995,102.4986684376152,14.846878226885009,9.000617226280452,21.055381031242952,9.31599675533144,0.2240875770516821,0.246204600007095,7.02828061279407e-05,6.625779806922059e-05,12139287.707340552,1.375570876496421,98.0512667950339,6,Winter,41.343527022344055,48.053624811686845,72.24110894409773,114.0212670560348,137.69901963455152,196.6733680466452,18.31525890111489,20.49137659214416,23.292483844670453,13.4416159925131,16.259175928806716,18.94261500872902,23.655638017540028,25.217479080585804,28.51527759502692,13.81671363838266,15.97340825551778,17.28758846910968,0.2839523628027254,0.2758651629347328,0.1841033317163435,0.2800736212405555,0.2601080744896745,0.1623858055025008,0.0019224340950107,0.001094048930204,0.0002406759705354,0.0019185656836314,0.0010903731042295,0.0002366654870742,12881382.752765808,13384553.456077017,17654184.720750205,1.2374208939044358,1.7151031246428516,1.4050337566926585,97.55771865452728,97.32522990747138,97.16627878463552,122.20003123414081,342.6987408997209,354.2189551282015,950.8067092417809,6,1.2246467991473532e-16,-1.0,2.3500634664349636
2022-07-01,7.143647588110942,127.33285459908336,16.702979275173416,10.709674246052693,23.398172370232736,10.544696899286125,0.1566701293533056,0.1891390851304645,3.817677497863769e-05,3.381875017489767e-05,13269184.65867008,1.253444143416604,97.87490961737976,7,Winter,32.80287940010995,41.343527022344055,48.053624811686845,102.4986684376152,114.0212670560348,137.69901963455152,14.846878226885009,18.31525890111489,20.49137659214416,9.000617226280452,13.4416159925131,16.259175928806716,21.055381031242952,23.655638017540028,25.217479080585804,9.31599675533144,13.81671363838266,15.97340825551778,0.2240875770516821,0.2839523628027254,0.2758651629347328,0.246204600007095,0.2800736212405555,0.2601080744896745,7.02828061279407e-05,0.0019224340950107,0.001094048930204,6.625779806922059e-05,0.0019185656836314,0.0010903731042295,12139287.707340552,12881382.752765808,13384553.456077017,1.375570876496421,1.2374208939044358,1.7151031246428516,98.0512667950339,97.55771865452728,97.32522990747138,81.2900540105649,239.9274395243664,343.85279009273336,883.5737092238901,7,-0.4999999999999997,-0.8660254037844388,2.16378780791703
2022-08-01,5.281962893896669,184.1924100952889,18.23500418743913,11.792397406704572,25.19327657949916,9.88378106733226,0.1223173912607786,0.1576724500557283,3.2385548960000595e-05,2.8035055429066127e-05,15904850.038896006,1.4518165580414677,97.5290365360838,8,Winter,7.143647588110942,32.80287940010995,41.343527022344055,127.33285459908336,102.4986684376152,114.0212670560348,16.702979275173416,14.846878226885009,18.31525890111489,10.709674246052693,9.000617226280452,13.4416159925131,23.398172370232736,21.055381031242952,23.655638017540028,10.544696899286125,9.31599675533144,13.81671363838266,0.1566701293533056,0.2240875770516821,0.2839523628027254,0.1891390851304645,0.246204600007095,0.2800736212405555,3.817677497863769e-05,7.02828061279407e-05,0.0019224340950107,3.381875017489767e-05,6.625779806922059e-05,0.0019185656836314,13269184.65867008,12139287.707340552,12881382.752765808,1.253444143416604,1.375570876496421,1.2374208939044358,97.87490961737976,98.0512667950339,97.55771865452728,45.22848988211752,206.86675066024614,414.02393313198746,862.417587869219,8,-0.8660254037844385,-0.5000000000000004,2.033248150489988
2022-09-01,22.17602591324477,225.97654126181067,21.461893945212733,14.620627126682248,28.73739263394537,11.935772469050429,0.1399129318990144,0.1459691451249044,9.438142664596062e-05,9.036766170164307e-05,18714863.33133273,1.8153034304414013,97.55442733521043,9,Spring,5.281962893896669,7.143647588110942,32.80287940010995,184.1924100952889,127.33285459908336,102.4986684376152,18.23500418743913,16.702979275173416,14.846878226885009,11.792397406704572,10.709674246052693,9.000617226280452,25.19327657949916,23.398172370232736,21.055381031242952,9.88378106733226,10.544696899286125,9.31599675533144,0.1223173912607786,0.1566701293533056,0.2240875770516821,0.1576724500557283,0.1891390851304645,0.246204600007095,3.2385548960000595e-05,3.817677497863769e-05,7.02828061279407e-05,2.8035055429066127e-05,3.381875017489767e-05,6.625779806922059e-05,15904850.038896006,13269184.65867008,12139287.707340552,1.4518165580414677,1.253444143416604,1.375570876496421,97.5290365360838,97.87490961737976,98.0512667950339,34.60163639525234,156.80166762939317,537.5018059561829,891.7207610843844,9,-1.0,-1.8369701987210297e-16,-0.30551763856495995
2022-10-01,47.29608101258756,238.72884693774077,23.809950334874657,18.481530802588928,30.07657271931944,16.238999840269305,0.1613984703068999,0.1610479739497043,0.0002850669600902,0.0002812821458392,18708860.13921025,1.8247799106141265,97.45516498413298,10,Spring,22.17602591324477,5.281962893896669,7.143647588110942,225.97654126181067,184.1924100952889,127.33285459908336,21.461893945212733,18.23500418743913,16.702979275173416,14.620627126682248,11.792397406704572,10.709674246052693,28.73739263394537,25.19327657949916,23.398172370232736,11.935772469050429,9.88378106733226,10.544696899286125,0.1399129318990144,0.1223173912607786,0.1566701293533056,0.1459691451249044,0.1576724500557283,0.1891390851304645,9.438142664596062e-05,3.2385548960000595e-05,3.817677497863769e-05,9.036766170164307e-05,2.8035055429066127e-05,3.381875017489767e-05,18714863.33133273,15904850.038896006,13269184.65867008,1.8153034304414013,1.4518165580414677,1.253444143416604,97.55442733521043,97.5290365360838,97.87490961737976,74.75406981972895,156.04412383029387,648.8977982948403,992.7505883875737,10,-0.8660254037844386,0.5000000000000001,-1.016966515124569
2022-11-01,81.35478549326132,215.81197823212892,22.9602871932708,18.28091717477884,28.149326516345383,17.054293338256922,0.2395108187385127,0.228363690871672,0.0007085221876735,0.0007051140446524,19193786.16606498,1.7745641892861277,97.24373897471511,11,Spring,47.29608101258756,22.17602591324477,5.281962893896669,238.72884693774077,225.97654126181067,184.1924100952889,23.809950334874657,21.461893945212733,18.23500418743913,18.481530802588928,14.620627126682248,11.792397406704572,30.07657271931944,28.73739263394537,25.19327657949916,16.238999840269305,11.935772469050429,9.88378106733226,0.1613984703068999,0.1399129318990144,0.1223173912607786,0.1610479739497043,0.1459691451249044,0.1576724500557283,0.0002850669600902,9.438142664596062e-05,3.2385548960000595e-05,0.0002812821458392,9.036766170164307e-05,2.8035055429066127e-05,18708860.13921025,18714863.33133273,15904850.038896006,1.8247799106141265,1.8153034304414013,1.4518165580414677,97.45516498413298,97.55442733521043,97.5290365360838,150.8268924190936,196.05538230121113,680.5173664316803,1094.5412995636677,11,-0.5000000000000004,0.8660254037844384,-0.4046497488111557
2022-12-01,163.91699599481916,212.7413956535852,23.47122715141901,19.34819987514625,28.290874440242156,18.322310325030543,0.2558841691995036,0.2176559168814612,0.001407272817856,0.001403955480467,18741502.24804937,1.7747223378436492,97.10661878017144,12,Summer,81.35478549326132,47.29608101258756,22.17602591324477,215.81197823212892,238.72884693774077,225.97654126181067,22.9602871932708,23.809950334874657,21.461893945212733,18.28091717477884,18.481530802588928,14.620627126682248,28.149326516345383,30.07657271931944,28.73739263394537,17.054293338256922,16.238999840269305,11.935772469050429,0.2395108187385127,0.1613984703068999,0.1399129318990144,0.228363690871672,0.1610479739497043,0.1459691451249044,0.0007085221876735,0.0002850669600902,9.438142664596062e-05,0.0007051140446524,0.0002812821458392,9.036766170164307e-05,19193786.16606498,18708860.13921025,18714863.33133273,1.7745641892861277,1.8247799106141265,1.8153034304414013,97.24373897471511,97.45516498413298,97.55442733521043,292.567862500668,327.16949889592036,667.2822208234548,1204.7840267796378,12,-2.4492935982947064e-16,1.0,0.22790263308688608
2023-01-01,65.96392986017662,268.906029714574,25.13541512543183,20.035535274979622,31.059197921637438,18.040580543665254,0.1828208813908482,0.2110975021984834,0.0003607215541364,0.0003575966138701,24425595.50762781,1.6782446340244206,97.1407475938108,1,Summer,163.91699599481916,81.35478549326132,47.29608101258756,212.7413956535852,215.81197823212892,238.72884693774077,23.47122715141901,22.9602871932708,23.809950334874657,19.34819987514625,18.28091717477884,18.481530802588928,28.290874440242156,28.149326516345383,30.07657271931944,18.322310325030543,17.054293338256922,16.238999840269305,0.2558841691995036,0.2395108187385127,0.1613984703068999,0.2176559168814612,0.228363690871672,0.1610479739497043,0.001407272817856,0.0007085221876735,0.0002850669600902,0.001403955480467,0.0007051140446524,0.0002812821458392,18741502.24804937,19193786.16606498,18708860.13921025,1.7747223378436492,1.7745641892861277,1.8247799106141265,97.10661878017144,97.24373897471511,97.45516498413298,311.23571134825704,385.989781167986,697.4594036002882,1346.3572018951284,1,0.49999999999999994,0.8660254037844387,-0.13442522957001785
2023-02-01,493.2320074423766,144.23313077929217,23.41021775120576,20.430791988835143,27.242410551782363,20.463884864280534,0.346348964575744,0.3190014486524356,0.0111306008987043,0.0106280607167991,16555570.601340896,1.575509163911068,96.99990285272256,2,Summer,65.96392986017662,163.91699599481916,81.35478549326132,268.906029714574,212.7413956535852,215.81197823212892,25.13541512543183,23.47122715141901,22.9602871932708,20.035535274979622,19.34819987514625,18.28091717477884,31.059197921637438,28.290874440242156,28.149326516345383,18.040580543665254,18.322310325030543,17.054293338256922,0.1828208813908482,0.2558841691995036,0.2395108187385127,0.2110975021984834,0.2176559168814612,0.228363690871672,0.0003607215541364,0.001407272817856,0.0007085221876735,0.0003575966138701,0.001403955480467,0.0007051140446524,24425595.50762781,18741502.24804937,19193786.16606498,1.6782446340244206,1.7747223378436492,1.7745641892861277,97.1407475938108,97.10661878017144,97.24373897471511,723.1129332973724,873.939825716466,625.8805561474514,1306.3979225791318,2,0.8660254037844386,0.5000000000000001,1.954639268589515
2023-03-01,79.14779268293442,199.5402215458856,23.613496370642448,19.59064439698262,28.34288494767139,18.555675731288883,0.2427686978782131,0.2569261168633959,0.0002627083325644,0.0002592199545905,18548436.90097904,1.59126568295532,97.21621170442812,3,Autumn,493.2320074423766,65.96392986017662,163.91699599481916,144.23313077929217,268.906029714574,212.7413956535852,23.41021775120576,25.13541512543183,23.47122715141901,20.430791988835143,20.035535274979622,19.34819987514625,27.242410551782363,31.059197921637438,28.290874440242156,20.463884864280534,18.040580543665254,18.322310325030543,0.346348964575744,0.1828208813908482,0.2558841691995036,0.3190014486524356,0.2110975021984834,0.2176559168814612,0.0111306008987043,0.0003607215541364,0.001407272817856,0.0106280607167991,0.0003575966138701,0.001403955480467,16555570.601340896,24425595.50762781,18741502.24804937,1.575509163911068,1.6782446340244206,1.7747223378436492,96.99990285272256,97.1407475938108,97.10661878017144,638.3437299854875,930.9115924861555,612.6793820397518,1279.9616028632065,3,1.0,6.123233995736766e-17,1.5736396080870056
2023-04-01,10.221461144303138,192.45068263598728,22.549318273049305,17.20831167723728,28.569264823463698,15.61552972965722,0.1360704879515915,0.1697238823423603,4.6174637031899455e-05,4.263569194056927e-05,16854105.116967507,1.5909863082593398,97.2838682606611,4,Autumn,79.14779268293442,493.2320074423766,65.96392986017662,199.5402215458856,144.23313077929217,268.906029714574,23.613496370642448,23.41021775120576,25.13541512543183,19.59064439698262,20.430791988835143,20.035535274979622,28.34288494767139,27.242410551782363,31.059197921637438,18.555675731288883,20.463884864280534,18.040580543665254,0.2427686978782131,0.346348964575744,0.1828208813908482,0.2569261168633959,0.3190014486524356,0.2110975021984834,0.0002627083325644,0.0111306008987043,0.0003607215541364,0.0002592199545905,0.0106280607167991,0.0003575966138701,18548436.90097904,16555570.601340896,24425595.50762781,1.59126568295532,1.575509163911068,1.6782446340244206,97.21621170442812,96.99990285272256,97.1407475938108,582.601261269614,893.8369726178711,536.224034961165,1233.6834385614532,4,0.8660254037844387,-0.4999999999999998,1.8449710109399917
2023-05-01,29.64303740287228,138.6421830914511,19.763346962317765,14.922348666077264,25.201462984690377,14.10797589582934,0.1708600976527197,0.1562854115588431,0.000122422291914,0.0001188402302859,12417314.41597764,1.4227884783862157,97.52070145575328,5,Autumn,10.221461144303138,79.14779268293442,493.2320074423766,192.45068263598728,199.5402215458856,144.23313077929217,22.549318273049305,23.613496370642448,23.41021775120576,17.20831167723728,19.59064439698262,20.430791988835143,28.569264823463698,28.34288494767139,27.242410551782363,15.61552972965722,18.555675731288883,20.463884864280534,0.1360704879515915,0.2427686978782131,0.346348964575744,0.1697238823423603,0.2569261168633959,0.3190014486524356,4.6174637031899455e-05,0.0002627083325644,0.0111306008987043,4.263569194056927e-05,0.0002592199545905,0.0106280607167991,16854105.116967507,18548436.90097904,16555570.601340896,1.5909863082593398,1.59126568295532,1.575509163911068,97.2838682606611,97.21621170442812,96.99990285272256,119.01229123010978,842.1252245274821,530.633087273324,1156.5136434207755,5,0.49999999999999994,-0.8660254037844387,-0.7690361391794762
2023-06-01,8.451878399262906,139.116168506309,17.923938443045802,11.572137407103169,24.99270656140417,9.993049321440486,0.1435745569008016,0.1546629401129313,6.364049248747016e-05,6.020491411539622e-05,13181466.32635379,1.3784965228324166,97.47419416248307,6,Winter,29.64303740287228,10.221461144303138,79.14779268293442,138.6421830914511,192.45068263598728,199.5402215458856,19.763346962317765,22.549318273049305,23.613496370642448,14.922348666077264,17.20831167723728,19.59064439698262,25.201462984690377,28.569264823463698,28.34288494767139,14.10797589582934,15.61552972965722,18.555675731288883,0.1708600976527197,0.1360704879515915,0.2427686978782131,0.1562854115588431,0.1697238823423603,0.2569261168633959,0.000122422291914,4.6174637031899455e-05,0.0002627083325644,0.0001188402302859,4.263569194056927e-05,0.0002592199545905,12417314.41597764,16854105.116967507,18548436.90097904,1.4227884783862157,1.5909863082593398,1.59126568295532,97.52070145575328,97.2838682606611,97.21621170442812,48.31637694643827,686.660106931926,470.2090342337474,1082.8884162734992,6,1.2246467991473532e-16,-1.0,-1.2036041060192462
2023-07-01,25.48731871983523,140.2920170112207,15.809607716835016,9.851253280204292,22.4734654193015,8.552191169187617,0.1906237791961803,0.185157503781308,0.0001941825185871,0.0001907435780396,12774155.024339115,1.8927984524413004,98.1020452304886,7,Winter,8.451878399262906,29.64303740287228,10.221461144303138,139.116168506309,138.6421830914511,192.45068263598728,17.923938443045802,19.763346962317765,22.549318273049305,11.572137407103169,14.922348666077264,17.20831167723728,24.99270656140417,25.201462984690377,28.569264823463698,9.993049321440486,14.10797589582934,15.61552972965722,0.1435745569008016,0.1708600976527197,0.1360704879515915,0.1546629401129313,0.1562854115588431,0.1697238823423603,6.364049248747016e-05,0.000122422291914,4.6174637031899455e-05,6.020491411539622e-05,0.0001188402302859,4.263569194056927e-05,13181466.32635379,12417314.41597764,16854105.116967507,1.3784965228324166,1.4227884783862157,1.5909863082593398,97.47419416248307,97.52070145575328,97.2838682606611,63.58223452197036,646.1834957915845,418.0503686089808,954.2744035701459,7,-0.4999999999999997,-0.8660254037844388,0.4699846166456413
2023-08-01,6.001716587419115,171.1878879298372,18.136201553238116,11.948478252179438,24.732822251977915,10.715313161359315,0.1359107333409444,0.1659853443503957,3.9601100050585366e-05,3.6324834995751775e-05,15293375.71445208,1.545723212996708,97.94929352593006,8,Winter,25.48731871983523,8.451878399262906,29.64303740287228,140.2920170112207,139.116168506309,138.6421830914511,15.809607716835016,17.923938443045802,19.763346962317765,9.851253280204292,11.572137407103169,14.922348666077264,22.4734654193015,24.99270656140417,25.201462984690377,8.552191169187617,9.993049321440486,14.10797589582934,0.1906237791961803,0.1435745569008016,0.1708600976527197,0.185157503781308,0.1546629401129313,0.1562854115588431,0.0001941825185871,6.364049248747016e-05,0.000122422291914,0.0001907435780396,6.020491411539622e-05,0.0001188402302859,12774155.024339115,13181466.32635379,12417314.41597764,1.8927984524413004,1.3784965228324166,1.4227884783862157,98.1020452304886,97.47419416248307,97.52070145575328,39.9409137065172,158.95320493662703,450.5960734473669,981.2291607206909,8,-0.8660254037844385,-0.5000000000000004,0.7213843951717925
2023-09-01,59.32194314226443,232.7057068582476,21.923176013443115,15.339380914754685,29.306432497687872,12.467449545908108,0.138177383811513,0.1517507461290783,0.0002342513106789,0.0002312793628402,18574433.122059267,1.843264641514373,97.3708574605967,9,Spring,6.001716587419115,25.48731871983523,8.451878399262906,171.1878879298372,140.2920170112207,139.116168506309,18.136201553238116,15.809607716835016,17.923938443045802,11.948478252179438,9.851253280204292,11.572137407103169,24.732822251977915,22.4734654193015,24.99270656140417,10.715313161359315,8.552191169187617,9.993049321440486,0.1359107333409444,0.1906237791961803,0.1435745569008016,0.1659853443503957,0.185157503781308,0.1546629401129313,3.9601100050585366e-05,0.0001941825185871,6.364049248747016e-05,3.6324834995751775e-05,0.0001907435780396,6.020491411539622e-05,15293375.71445208,12774155.024339115,13181466.32635379,1.545723212996708,1.8927984524413004,1.3784965228324166,97.94929352593006,98.1020452304886,97.47419416248307,90.81097844951873,139.12735539595704,544.1856117993054,1014.3946460330528,9,-1.0,-1.8369701987210297e-16,1.6511821730244711
2023-10-01,95.40633566373224,215.98399355200647,20.8445708399562,15.887098647468886,26.256085614846,14.195617823032329,0.1907794935067179,0.1911152061905754,0.0002650501280485,0.0002621938121447,16451651.631400026,2.161554336791113,97.41682849019212,10,Spring,59.32194314226443,6.001716587419115,25.48731871983523,232.7057068582476,171.1878879298372,140.2920170112207,21.923176013443115,18.136201553238116,15.809607716835016,15.339380914754685,11.948478252179438,9.851253280204292,29.306432497687872,24.732822251977915,22.4734654193015,12.467449545908108,10.715313161359315,8.552191169187617,0.138177383811513,0.1359107333409444,0.1906237791961803,0.1517507461290783,0.1659853443503957,0.185157503781308,0.0002342513106789,3.9601100050585366e-05,0.0001941825185871,0.0002312793628402,3.6324834995751775e-05,0.0001907435780396,18574433.122059267,15293375.71445208,12774155.024339115,1.843264641514373,1.545723212996708,1.8927984524413004,97.3708574605967,97.94929352593006,98.1020452304886,160.72999539341572,224.31222991538615,619.8775883400913,1037.927956949072,10,-0.8660254037844386,0.5000000000000001,1.9195024402617984
2023-11-01,69.10055923208951,238.24721432227088,23.83130987888831,18.442235709326937,29.64941500997715,16.65772670136845,0.1950645211897267,0.1886460611440548,0.0001710179910763,0.0001684061456673,20575331.859687123,1.8603565763538823,97.27764610945805,11,Spring,95.40633566373224,59.32194314226443,6.001716587419115,215.98399355200647,232.7057068582476,171.1878879298372,20.8445708399562,21.923176013443115,18.136201553238116,15.887098647468886,15.339380914754685,11.948478252179438,26.256085614846,29.306432497687872,24.732822251977915,14.195617823032329,12.467449545908108,10.715313161359315,0.1907794935067179,0.138177383811513,0.1359107333409444,0.1911152061905754,0.1517507461290783,0.1659853443503957,0.0002650501280485,0.0002342513106789,3.9601100050585366e-05,0.0002621938121447,0.0002312793628402,3.6324834995751775e-05,16451651.631400026,18574433.122059267,15293375.71445208,2.161554336791113,1.843264641514373,1.545723212996708,97.41682849019212,97.3708574605967,97.94929352593006,223.82883803808613,263.76975174460335,686.9369147325249,1137.5329881798918,11,-0.5000000000000004,0.8660254037844384,0.24542626264497003
2023-12-01,195.9055574595876,190.4043430724729,23.120077646780512,19.26782952132401,27.61313913944396,18.475025224002653,0.2633401921000809,0.2469986636864185,0.0020119441868163,0.0020094833972219,16949493.0308606,1.90148896131324,97.21270214438128,12,Summer,69.10055923208951,95.40633566373224,59.32194314226443,238.24721432227088,215.98399355200647,232.7057068582476,23.83130987888831,20.8445708399562,21.923176013443115,18.442235709326937,15.887098647468886,15.339380914754685,29.64941500997715,26.256085614846,29.306432497687872,16.65772670136845,14.195617823032329,12.467449545908108,0.1950645211897267,0.1907794935067179,0.138177383811513,0.1886460611440548,0.1911152061905754,0.1517507461290783,0.0001710179910763,0.0002650501280485,0.0002342513106789,0.0001684061456673,0.0002621938121447,0.0002312793628402,20575331.859687123,16451651.631400026,18574433.122059267,1.8603565763538823,2.161554336791113,1.843264641514373,97.27764610945805,97.41682849019212,97.3708574605967,360.4124523554093,451.22343080492806,644.6355509467503,1188.8211627460557,12,-2.4492935982947064e-16,1.0,0.8563228500278885
2024-01-01,102.2728421938936,232.52621976261963,24.1497962420348,20.09231046057141,29.030459118144844,18.53907652615362,0.2397884262130569,0.2620777726742584,0.0035358416689861,0.0035334599039614,21258741.920111798,1.7183003342262724,97.24857794222386,1,Summer,195.9055574595876,69.10055923208951,95.40633566373224,190.4043430724729,238.24721432227088,215.98399355200647,23.120077646780512,23.83130987888831,20.8445708399562,19.26782952132401,18.442235709326937,15.887098647468886,27.61313913944396,29.64941500997715,26.256085614846,18.475025224002653,16.65772670136845,14.195617823032329,0.2633401921000809,0.1950645211897267,0.1907794935067179,0.2469986636864185,0.1886460611440548,0.1911152061905754,0.0020119441868163,0.0001710179910763,0.0002650501280485,0.0020094833972219,0.0001684061456673,0.0002621938121447,16949493.0308606,20575331.859687123,16451651.631400026,1.90148896131324,1.8603565763538823,2.161554336791113,97.21270214438128,97.27764610945805,97.41682849019212,367.2789588855707,528.0089542789864,661.1777771573634,1281.0553654974547,1,0.49999999999999994,0.8660254037844387,0.570064018571596
2024-02-01,96.8735826987276,228.5954026969331,25.43339036748174,20.924516726626447,30.94324918196328,18.377757946438475,0.1606144166852464,0.1638499188360828,0.0001280441718841,0.0001258176586688,19424337.710444413,1.691836542544062,97.27554407739704,2,Summer,102.2728421938936,195.9055574595876,69.10055923208951,232.52621976261963,190.4043430724729,238.24721432227088,24.1497962420348,23.120077646780512,23.83130987888831,20.09231046057141,19.26782952132401,18.442235709326937,29.030459118144844,27.61313913944396,29.64941500997715,18.53907652615362,18.475025224002653,16.65772670136845,0.2397884262130569,0.2633401921000809,0.1950645211897267,0.2620777726742584,0.2469986636864185,0.1886460611440548,0.0035358416689861,0.0020119441868163,0.0001710179910763,0.0035334599039614,0.0020094833972219,0.0001684061456673,21258741.920111798,16949493.0308606,20575331.859687123,1.7183003342262724,1.90148896131324,1.8603565763538823,97.24857794222386,97.21270214438128,97.27764610945805,395.05198235220877,618.880820390295,651.5259655320256,1338.4628802645507,2,0.8660254037844386,0.5000000000000001,-0.12957378660400748
2024-03-01,330.1180348248739,180.4463402889265,24.0992948007678,20.461055018086373,28.655821444639244,19.14531652009949,0.2584317133555402,0.2524233625882956,0.0049267669447059,0.0049246223609797,16065833.57545654,1.4455341391468677,97.42307185367264,3,Autumn,96.8735826987276,102.2728421938936,195.9055574595876,228.5954026969331,232.52621976261963,190.4043430724729,25.43339036748174,24.1497962420348,23.120077646780512,20.924516726626447,20.09231046057141,19.26782952132401,30.94324918196328,29.030459118144844,27.61313913944396,18.377757946438475,18.53907652615362,18.475025224002653,0.1606144166852464,0.2397884262130569,0.2633401921000809,0.1638499188360828,0.2620777726742584,0.2469986636864185,0.0001280441718841,0.0035358416689861,0.0020119441868163,0.0001258176586688,0.0035334599039614,0.0020094833972219,19424337.710444413,21258741.920111798,16949493.0308606,1.691836542544062,1.7183003342262724,1.90148896131324,97.27554407739704,97.24857794222386,97.21270214438128,529.2644597174951,889.6769120729044,641.5679627484792,1286.2035136952295,3,1.0,6.123233995736766e-17,0.7150706172301889
2024-04-01,59.42227427963626,133.3985128557639,20.8025725668805,16.52328208436748,25.75070699055989,16.55063943805534,0.2803318950195557,0.2948392500802784,0.0013729191859274,0.0013699079678806,14264135.773525871,1.4481098729059667,97.55312697715712,4,Autumn,330.1180348248739,96.8735826987276,102.2728421938936,180.4463402889265,228.5954026969331,232.52621976261963,24.0992948007678,25.43339036748174,24.1497962420348,20.461055018086373,20.924516726626447,20.09231046057141,28.655821444639244,30.94324918196328,29.030459118144844,19.14531652009949,18.377757946438475,18.53907652615362,0.2584317133555402,0.1606144166852464,0.2397884262130569,0.2524233625882956,0.1638499188360828,0.2620777726742584,0.0049267669447059,0.0001280441718841,0.0035358416689861,0.0049246223609797,0.0001258176586688,0.0035334599039614,16065833.57545654,19424337.710444413,21258741.920111798,1.4455341391468677,1.691836542544062,1.7183003342262724,97.42307185367264,97.27554407739704,97.24857794222386,486.41389180323773,853.6928506888084,542.4402558416235,1203.6180329989868,4,0.8660254037844387,-0.4999999999999998,1.1527398802179434
2024-05-01,4.239253773840535,138.89717275700414,19.953348013694,14.357588232939335,26.50809416335025,14.293559070648024,0.1417534014743786,0.188174273618736,2.6765820782107132e-05,2.424585690136851e-05,14238223.41190171,1.22158346570249,97.74522993643797,5,Autumn,59.42227427963626,330.1180348248739,96.8735826987276,133.3985128557639,180.4463402889265,228.5954026969331,20.8025725668805,24.0992948007678,25.43339036748174,16.52328208436748,20.461055018086373,20.924516726626447,25.75070699055989,28.655821444639244,30.94324918196328,16.55063943805534,19.14531652009949,18.377757946438475,0.2803318950195557,0.2584317133555402,0.1606144166852464,0.2948392500802784,0.2524233625882956,0.1638499188360828,0.0013729191859274,0.0049267669447059,0.0001280441718841,0.0013699079678806,0.0049246223609797,0.0001258176586688,14264135.773525871,16065833.57545654,19424337.710444413,1.4481098729059667,1.4455341391468677,1.691836542544062,97.55312697715712,97.42307185367264,97.27554407739704,393.77956287835065,788.8315452305594,452.74202590169455,1104.2679914337202,5,0.49999999999999994,-0.8660254037844387,2.680299804999315
2024-06-01,10.96378017167514,132.37034706970414,16.879581488445975,10.623674877915,23.683692691587225,9.154079712149718,0.1160845998679113,0.1561670916940234,2.212730986116595e-05,1.968516016695043e-05,12827496.28736462,1.4115981197802632,97.99408437529378,6,Winter,4.239253773840535,59.42227427963626,330.1180348248739,138.89717275700414,133.3985128557639,180.4463402889265,19.953348013694,20.8025725668805,24.0992948007678,14.357588232939335,16.52328208436748,20.461055018086373,26.50809416335025,25.75070699055989,28.655821444639244,14.293559070648024,16.55063943805534,19.14531652009949,0.1417534014743786,0.2803318950195557,0.2584317133555402,0.188174273618736,0.2948392500802784,0.2524233625882956,2.6765820782107132e-05,0.0013729191859274,0.0049267669447059,2.424585690136851e-05,0.0013699079678806,0.0049246223609797,14238223.41190171,14264135.773525871,16065833.57545654,1.22158346570249,1.4481098729059667,1.4455341391468677,97.74522993643797,97.55312697715712,97.42307185367264,74.62530822515188,603.889767942647,404.6660326824722,1046.2339954309514,6,1.2246467991473532e-16,-1.0,0.515492207788109
2024-07-01,1.9051077289986045,164.4206398607161,17.786318125091192,11.117153386202336,25.465522993031573,6.29353248401022,0.1158331834790054,0.1457303667895879,2.3925293653880643e-05,2.1351427377776543e-05,13501295.67439152,1.296666462978799,97.4807444937243,7,Winter,10.96378017167514,4.239253773840535,59.42227427963626,132.37034706970414,138.89717275700414,133.3985128557639,16.879581488445975,19.953348013694,20.8025725668805,10.623674877915,14.357588232939335,16.52328208436748,23.683692691587225,26.50809416335025,25.75070699055989,9.154079712149718,14.293559070648024,16.55063943805534,0.1160845998679113,0.1417534014743786,0.2803318950195557,0.1561670916940234,0.188174273618736,0.2948392500802784,2.212730986116595e-05,2.6765820782107132e-05,0.0013729191859274,1.968516016695043e-05,2.424585690136851e-05,0.0013699079678806,12827496.28736462,14238223.41190171,14264135.773525871,1.4115981197802632,1.22158346570249,1.4481098729059667,97.99408437529378,97.74522993643797,97.55312697715712,17.108141674514222,503.522033477752,435.68815968742433,978.1284155290479,7,-0.4999999999999997,-0.8660254037844388,-0.7115881304348788
2024-08-01,9.40895567671502,190.50766393165725,19.230803243301608,12.777019673009072,26.457279636147163,9.847604724177248,0.1257013328548987,0.1410781448984417,6.962876887958403e-05,6.724162437425193e-05,14680798.615814604,1.9270373195532464,97.74783841086315,8,Winter,1.9051077289986045,10.96378017167514,4.239253773840535,164.4206398607161,132.37034706970414,138.89717275700414,17.786318125091192,16.879581488445975,19.953348013694,11.117153386202336,10.623674877915,14.357588232939335,25.465522993031573,23.683692691587225,26.50809416335025,6.29353248401022,9.154079712149718,14.293559070648024,0.1158331834790054,0.1160845998679113,0.1417534014743786,0.1457303667895879,0.1561670916940234,0.188174273618736,2.3925293653880643e-05,2.212730986116595e-05,2.6765820782107132e-05,2.1351427377776543e-05,1.968516016695043e-05,2.424585690136851e-05,13501295.67439152,12827496.28736462,14238223.41190171,1.296666462978799,1.4115981197802632,1.22158346570249,97.4807444937243,97.99408437529378,97.74522993643797,22.27784357738871,416.0574064557394,487.29865086207747,940.040676763772,8,-0.8660254037844385,-0.5000000000000004,-0.9824093360288197
2024-09-01,31.539215481473644,205.88640048293,20.21578926801012,14.389371592387397,26.609010004624277,12.201416997530837,0.1631970946873902,0.1478724601705821,0.0001309776026419,0.0001287728763229,16439641.441674186,2.107490475134551,97.61118368137817,9,Spring,9.40895567671502,1.9051077289986045,10.96378017167514,190.50766393165725,164.4206398607161,132.37034706970414,19.230803243301608,17.786318125091192,16.879581488445975,12.777019673009072,11.117153386202336,10.623674877915,26.457279636147163,25.465522993031573,23.683692691587225,9.847604724177248,6.29353248401022,9.154079712149718,0.1257013328548987,0.1158331834790054,0.1160845998679113,0.1410781448984417,0.1457303667895879,0.1561670916940234,6.962876887958403e-05,2.3925293653880643e-05,2.212730986116595e-05,6.724162437425193e-05,2.1351427377776543e-05,1.968516016695043e-05,14680798.615814604,13501295.67439152,12827496.28736462,1.9270373195532464,1.296666462978799,1.4115981197802632,97.74783841086315,97.4807444937243,97.99408437529378,42.853278887187216,117.47858711233914,560.8147042753033,965.4807369577754,9,-1.0,-1.8369701987210297e-16,-0.9005713965639104
2024-10-01,66.96684784074064,238.4411493309568,21.52512195781588,16.107192001973594,27.77659369744452,13.424007201114255,0.1652309207006305,0.1524123594649001,0.0001522756117775,0.0001501750322025,19507187.014604848,1.9245527272347431,97.56178484466056,10,Spring,31.539215481473644,9.40895567671502,1.9051077289986045,205.88640048293,190.50766393165725,164.4206398607161,20.21578926801012,19.230803243301608,17.786318125091192,14.389371592387397,12.777019673009072,11.117153386202336,26.609010004624277,26.457279636147163,25.465522993031573,12.201416997530837,9.847604724177248,6.29353248401022,0.1631970946873902,0.1257013328548987,0.1158331834790054,0.1478724601705821,0.1410781448984417,0.1457303667895879,0.0001309776026419,6.962876887958403e-05,2.3925293653880643e-05,0.0001287728763229,6.724162437425193e-05,2.1351427377776543e-05,16439641.441674186,14680798.615814604,13501295.67439152,2.107490475134551,1.9270373195532464,1.296666462978799,97.61118368137817,97.74783841086315,97.4807444937243,107.91501899892926,125.02316067344353,634.835213745544,1070.5233734329684,10,-0.8660254037844386,0.5000000000000001,0.188903926696332
2024-11-01,73.79741551199392,240.14052007656665,23.92679330632241,18.803555637547827,29.786816051864164,16.829065119287748,0.2161657011274634,0.2190085237015694,0.0031293595095403,0.0031275245956134,20311028.846209385,1.763918801901158,97.24720049472506,11,Spring,66.96684784074064,31.539215481473644,9.40895567671502,238.4411493309568,205.88640048293,190.50766393165725,21.52512195781588,20.21578926801012,19.230803243301608,16.107192001973594,14.389371592387397,12.777019673009072,27.77659369744452,26.609010004624277,26.457279636147163,13.424007201114255,12.201416997530837,9.847604724177248,0.1652309207006305,0.1631970946873902,0.1257013328548987,0.1524123594649001,0.1478724601705821,0.1410781448984417,0.0001522756117775,0.0001309776026419,6.962876887958403e-05,0.0001501750322025,0.0001287728763229,6.724162437425193e-05,19507187.014604848,16439641.441674186,14680798.615814604,1.9245527272347431,2.107490475134551,1.9270373195532464,97.56178484466056,97.61118368137817,97.74783841086315,172.30347883420814,194.58132241159691,684.4680698904534,1171.766720752531,11,-0.5000000000000004,0.8660254037844384,-0.2335361129493233
2024-12-01,119.9793256319908,254.79828047192916,26.11464442393085,21.29037142440744,31.79826101620956,19.37241074530348,0.2106467716016687,0.2213032517641034,0.0026244078409799,0.0026225351630994,20509701.011296146,1.6577793234873532,97.05268048443276,12,Summer,73.79741551199392,66.96684784074064,31.539215481473644,240.14052007656665,238.4411493309568,205.88640048293,23.92679330632241,21.52512195781588,20.21578926801012,18.803555637547827,16.107192001973594,14.389371592387397,29.786816051864164,27.77659369744452,26.609010004624277,16.829065119287748,13.424007201114255,12.201416997530837,0.2161657011274634,0.1652309207006305,0.1631970946873902,0.2190085237015694,0.1524123594649001,0.1478724601705821,0.0031293595095403,0.0001522756117775,0.0001309776026419,0.0031275245956134,0.0001501750322025,0.0001287728763229,20311028.846209385,19507187.014604848,16439641.441674186,1.763918801901158,1.9245527272347431,2.107490475134551,97.24720049472506,97.56178484466056,97.61118368137817,260.7435889847253,303.59686787191254,733.3799498794526,1294.1946541547559,12,-2.4492935982947064e-16,1.0,-0.45212067835975855
2025-01-01,146.5764374589617,220.9466814403069,24.855436284854623,20.7615195633633,29.505002224829884,20.50769363257609,0.3119595262844283,0.3215079887475727,0.0304020381253545,0.0299002677740167,21425782.9281472,1.8007763099360583,96.92362783258471,1,Summer,119.9793256319908,73.79741551199392,66.96684784074064,254.79828047192916,240.14052007656665,238.4411493309568,26.11464442393085,23.92679330632241,21.52512195781588,21.29037142440744,18.803555637547827,16.107192001973594,31.79826101620956,29.786816051864164,27.77659369744452,19.37241074530348,16.829065119287748,13.424007201114255,0.2106467716016687,0.2161657011274634,0.1652309207006305,0.2213032517641034,0.2190085237015694,0.1524123594649001,0.0026244078409799,0.0031293595095403,0.0001522756117775,0.0026225351630994,0.0031275245956134,0.0001501750322025,20509701.011296146,20311028.846209385,19507187.014604848,1.6577793234873532,1.763918801901158,1.9245527272347431,97.05268048443276,97.24720049472506,97.56178484466056,340.3531786029464,448.26819760187567,715.8854819888027,1350.7206957343467,1,0.49999999999999994,0.8660254037844387,-0.05284408919896977
2025-02-01,190.7214571073152,170.24826949684197,24.768733698202404,21.488228044121342,28.77006548389201,20.40847979264097,0.2495088378076026,0.2405571053891692,0.0022952267732,0.002293164791398,16302279.056214545,2.017041194881457,97.0404845280653,2,Summer,146.5764374589617,119.9793256319908,73.79741551199392,220.9466814403069,254.79828047192916,240.14052007656665,24.855436284854623,26.11464442393085,23.92679330632241,20.7615195633633,21.29037142440744,18.803555637547827,29.505002224829884,31.79826101620956,29.786816051864164,20.50769363257609,19.37241074530348,16.829065119287748,0.3119595262844283,0.2106467716016687,0.2161657011274634,0.3215079887475727,0.2213032517641034,0.2190085237015694,0.0304020381253545,0.0026244078409799,0.0031293595095403,0.0299002677740167,0.0026225351630994,0.0031275245956134,21425782.9281472,20509701.011296146,20311028.846209385,1.8007763099360583,1.6577793234873532,1.763918801901158,96.92362783258471,97.05268048443276,97.24720049472506,457.2772201982676,629.5806990324759,645.993231409078,1330.4613012995314,2,0.8660254037844386,0.5000000000000001,0.2696897427246365
2025-03-01,77.67413824411962,193.0247606299414,24.135205078598865,20.344055995317,28.89891532061888,18.94021196683359,0.2018673871134634,0.2090126605633784,0.000318614907213,0.0003161178599195,17567091.11957213,1.4605976268401712,97.36219775809514,3,Autumn,190.7214571073152,146.5764374589617,119.9793256319908,170.24826949684197,220.9466814403069,254.79828047192916,24.768733698202404,24.855436284854623,26.11464442393085,21.488228044121342,20.7615195633633,21.29037142440744,28.77006548389201,29.505002224829884,31.79826101620956,20.40847979264097,20.50769363257609,19.37241074530348,0.2495088378076026,0.3119595262844283,0.2106467716016687,0.2405571053891692,0.3215079887475727,0.2213032517641034,0.0022952267732,0.0304020381253545,0.0026244078409799,0.002293164791398,0.0299002677740167,0.0026225351630994,16302279.056214545,21425782.9281472,20509701.011296146,2.017041194881457,1.8007763099360583,1.6577793234873532,97.0404845280653,96.92362783258471,97.05268048443276,414.97203281039646,675.7156217951218,584.2197115670903,1317.599661446543,3,1.0,6.123233995736766e-17,0.3607090529825491
2025-04-01,72.38397742076643,134.61780480852195,21.585752019794217,18.034508489615657,25.882132604348826,17.013816496095078,0.2619127620141571,0.2472204707972361,0.0028153577220998,0.0028128699813077,12576831.577376654,1.467737837941116,97.4406146312605,4,Autumn,77.67413824411962,190.7214571073152,146.5764374589617,193.0247606299414,170.24826949684197,220.9466814403069,24.135205078598865,24.768733698202404,24.855436284854623,20.344055995317,21.488228044121342,20.7615195633633,28.89891532061888,28.77006548389201,29.505002224829884,18.94021196683359,20.40847979264097,20.50769363257609,0.2018673871134634,0.2495088378076026,0.3119595262844283,0.2090126605633784,0.2405571053891692,0.3215079887475727,0.000318614907213,0.0022952267732,0.0304020381253545,0.0003161178599195,0.002293164791398,0.0299002677740167,17567091.11957213,16302279.056214545,21425782.9281472,1.4605976268401712,2.017041194881457,1.8007763099360583,97.36219775809514,97.0404845280653,96.92362783258471,340.7795727722012,681.1327513751477,497.8908349353053,1213.776316924108,4,0.8660254037844387,-0.4999999999999998,0.4694228881984375
2025-05-01,8.541698088775581,150.15124984166252,18.54894247535205,12.48203753760909,25.19236977349424,11.939631783305607,0.1932734279944277,0.2329378399408953,4.208927120112339e-05,3.938234347298687e-05,15050782.562245252,1.3270399116837537,97.85620855794156,5,Autumn,72.38397742076643,77.67413824411962,190.7214571073152,134.61780480852195,193.0247606299414,170.24826949684197,21.585752019794217,24.135205078598865,24.768733698202404,18.034508489615657,20.344055995317,21.488228044121342,25.882132604348826,28.89891532061888,28.77006548389201,17.013816496095078,18.94021196683359,20.40847979264097,0.2619127620141571,0.2018673871134634,0.2495088378076026,0.2472204707972361,0.2090126605633784,0.2405571053891692,0.0028153577220998,0.000318614907213,0.0022952267732,0.0028128699813077,0.0003161178599195,0.002293164791398,12576831.577376654,17567091.11957213,16302279.056214545,1.467737837941116,1.4605976268401712,2.017041194881457,97.4406146312605,97.36219775809514,97.0404845280653,158.5998137536616,615.8770339519292,477.79381528012584,1123.7870466892039,5,0.49999999999999994,-0.8660254037844387,0.13498635137624657
2025-06-01,4.10887060525879,139.57245354725563,16.81943275407287,10.017675509492983,23.97039360845132,8.303213257604082,0.1132685187347815,0.1629116762224756,8.349330416655282e-06,5.69530987997778e-06,12991392.093622142,1.380130695320415,97.83513552170687,6,Winter,8.541698088775581,72.38397742076643,77.67413824411962,150.15124984166252,134.61780480852195,193.0247606299414,18.54894247535205,21.585752019794217,24.135205078598865,12.48203753760909,18.034508489615657,20.344055995317,25.19236977349424,25.882132604348826,28.89891532061888,11.939631783305607,17.013816496095078,18.94021196683359,0.1932734279944277,0.2619127620141571,0.2018673871134634,0.2329378399408953,0.2472204707972361,0.2090126605633784,4.208927120112339e-05,0.0028153577220998,0.000318614907213,3.938234347298687e-05,0.0028128699813077,0.0003161178599195,15050782.562245252,12576831.577376654,17567091.11957213,1.3270399116837537,1.467737837941116,1.4605976268401712,97.85620855794156,97.4406146312605,97.36219775809514,85.03454611480078,500.0065789251973,424.3415081974401,1008.5612197645304,6,1.2246467991473532e-16,-1.0,0.34206575443264625
2025-07-01,8.930757644005734,151.6582845081491,16.439642339581805,9.927838139385733,23.37552244373649,7.715200910253191,0.1163145716638928,0.1471621748555275,3.1399705349753474e-05,2.872360204531397e-05,12779500.084080586,1.7531395721955638,98.1293752320762,7,Winter,4.10887060525879,8.541698088775581,72.38397742076643,139.57245354725563,150.15124984166252,134.61780480852195,16.81943275407287,18.54894247535205,21.585752019794217,10.017675509492983,12.48203753760909,18.034508489615657,23.97039360845132,25.19236977349424,25.882132604348826,8.303213257604082,11.939631783305607,17.013816496095078,0.1132685187347815,0.1932734279944277,0.2619127620141571,0.1629116762224756,0.2329378399408953,0.2472204707972361,8.349330416655282e-06,4.208927120112339e-05,0.0028153577220998,5.69530987997778e-06,3.938234347298687e-05,0.0028128699813077,12991392.093622142,15050782.562245252,12576831.577376654,1.380130695320415,1.3270399116837537,1.467737837941116,97.83513552170687,97.85620855794156,97.4406146312605,21.58132633804008,362.3608991102413,441.38198789706723,939.2728228323726,7,-0.4999999999999997,-0.8660254037844388,-0.7340844144258243
2025-08-01,8.244600553622192,185.7566453435791,19.124709539908416,12.603221070487416,26.331313031752885,10.47116489748765,0.1145635608338285,0.1419747915564474,1.1131651565055984e-05,8.493500496075902e-06,16327861.68557121,1.5505647272559469,97.77797979041416,8,Winter,8.930757644005734,4.10887060525879,8.541698088775581,151.6582845081491,139.57245354725563,150.15124984166252,16.439642339581805,16.81943275407287,18.54894247535205,9.927838139385733,10.017675509492983,12.48203753760909,23.37552244373649,23.97039360845132,25.19236977349424,7.715200910253191,8.303213257604082,11.939631783305607,0.1163145716638928,0.1132685187347815,0.1932734279944277,0.1471621748555275,0.1629116762224756,0.2329378399408953,3.1399705349753474e-05,8.349330416655282e-06,4.208927120112339e-05,2.872360204531397e-05,5.69530987997778e-06,3.938234347298687e-05,12779500.084080586,12991392.093622142,15050782.562245252,1.7531395721955638,1.380130695320415,1.3270399116837537,98.1293752320762,97.83513552170687,97.85620855794156,21.284228802886688,179.88404255654828,476.98738339898387,954.7811986791097,8,-0.8660254037844385,-0.5000000000000004,-0.690398499083937
2025-09-01,47.74693503556897,201.01718615323625,21.450626758739165,16.138574523558542,27.87338399691989,13.667580799725572,0.1357738005985851,0.1384091689029085,0.0001303942517683,0.0001280485292634,16041919.332445849,1.7014586016897808,97.6634547239693,9,Spring,8.244600553622192,8.930757644005734,4.10887060525879,185.7566453435791,151.6582845081491,139.57245354725563,19.124709539908416,16.439642339581805,16.81943275407287,12.603221070487416,9.927838139385733,10.017675509492983,26.331313031752885,23.37552244373649,23.97039360845132,10.47116489748765,7.715200910253191,8.303213257604082,0.1145635608338285,0.1163145716638928,0.1132685187347815,0.1419747915564474,0.1471621748555275,0.1629116762224756,1.1131651565055984e-05,3.1399705349753474e-05,8.349330416655282e-06,8.493500496075902e-06,2.872360204531397e-05,5.69530987997778e-06,16327861.68557121,12779500.084080586,12991392.093622142,1.5505647272559469,1.7531395721955638,1.380130695320415,97.77797979041416,98.1293752320762,97.83513552170687,64.92229323319687,149.95683934799763,538.4321160049644,962.7736242024046,9,-1.0,-1.8369701987210297e-16,0.8556628437568696
2025-10-01,31.91517662355964,215.9555912125412,21.62463786895682,16.13454432937837,27.78857820661241,14.347702071961123,0.1742001901450889,0.159271457690333,0.0005222595286712,0.0005199632973877,18204998.67089784,1.7019682138504588,97.55402923296116,10,Spring,47.74693503556897,8.244600553622192,8.930757644005734,201.01718615323625,185.7566453435791,151.6582845081491,21.450626758739165,19.124709539908416,16.439642339581805,16.138574523558542,12.603221070487416,9.927838139385733,27.87338399691989,26.331313031752885,23.37552244373649,13.667580799725572,10.47116489748765,7.715200910253191,0.1357738005985851,0.1145635608338285,0.1163145716638928,0.1384091689029085,0.1419747915564474,0.1471621748555275,0.0001303942517683,1.1131651565055984e-05,3.1399705349753474e-05,0.0001280485292634,8.493500496075902e-06,2.872360204531397e-05,16041919.332445849,16327861.68557121,12779500.084080586,1.7014586016897808,1.5505647272559469,1.7531395721955638,97.6634547239693,97.77797979041416,98.1293752320762,87.90671221275076,109.48803855079085,602.7294227093565,1044.1114106064238,10,-0.8660254037844386,0.5000000000000001,0.4978176721468738
2025-11-01,219.9326606479628,185.2666838397188,21.798029459522187,17.576829110155902,26.508866239655603,16.654163539777837,0.2614337752059526,0.247277547726897,0.0006119870859792,0.0006099109023484,17054130.5511432,1.6344521285321512,97.41912338941614,11,Spring,31.91517662355964,47.74693503556897,8.244600553622192,215.9555912125412,201.01718615323625,185.7566453435791,21.62463786895682,21.450626758739165,19.124709539908416,16.13454432937837,16.138574523558542,12.603221070487416,27.78857820661241,27.87338399691989,26.331313031752885,14.347702071961123,13.667580799725572,10.47116489748765,0.1742001901450889,0.1357738005985851,0.1145635608338285,0.159271457690333,0.1384091689029085,0.1419747915564474,0.0005222595286712,0.0001303942517683,1.1131651565055984e-05,0.0005199632973877,0.0001280485292634,8.493500496075902e-06,18204998.67089784,16041919.332445849,16327861.68557121,1.7019682138504588,1.7014586016897808,1.5505647272559469,97.55402923296116,97.6634547239693,97.77797979041416,299.5947723070914,320.87900110997805,602.2394612054964,1079.22684460448,11,-0.5000000000000004,0.8660254037844384,1.8121075977243752
2025-12-01,142.49302291195548,188.85257191929145,22.934048822191023,19.015263680688737,27.40604492077329,18.88610937100934,0.343701832905573,0.3288642656071521,0.0184279848898788,0.017767362242786,19089890.11744885,1.6283612843112276,97.19808284902804,12,Summer,219.9326606479628,31.91517662355964,47.74693503556897,185.2666838397188,215.9555912125412,201.01718615323625,21.798029459522187,21.62463786895682,21.450626758739165,17.576829110155902,16.13454432937837,16.138574523558542,26.508866239655603,27.78857820661241,27.87338399691989,16.654163539777837,14.347702071961123,13.667580799725572,0.2614337752059526,0.1742001901450889,0.1357738005985851,0.247277547726897,0.159271457690333,0.1384091689029085,0.0006119870859792,0.0005222595286712,0.0001303942517683,0.0006099109023484,0.0005199632973877,0.0001280485292634,17054130.5511432,18204998.67089784,16041919.332445849,1.6344521285321512,1.7019682138504588,1.7014586016897808,97.41912338941614,97.55402923296116,97.6634547239693,394.34086018347784,459.26315341667475,590.0748469715516,1128.506962976516,12,-2.4492935982947064e-16,1.0,1.4708390696203315
